Workbook

Sheet Read Me
A1: Wizard Spell Exchange - AL Epic (Forgotten Realms)
A3: Players register their spellbook via the Google Form. Everything else on this workbook is calculated - do not type into any tab except the yellow cells on Copy Planner.
A5: HOW TO USE
A6: 1. Fill in the Google Form at the event (one submission per wizard character).
A7: 2. Open the 'Copy Planner' tab and fill in the yellow cells at the top: your character, their
A8: gold and downtime, and - if levelling up at the end of this Epic - their new wizard level.
A9: 3. Filter the Status column to 'CAN COPY' to see what is available to you.
A10: 4. Tick the 'Want' checkbox. The panel at the top shows what the ticked spells cost, what you
A11: have left, and turns red if either gold or downtime is over budget.
A12: 5. Open 'Copy Log' for the list of what you copied, what it cost, and from
A13: whom - plus a line of text ready to paste into your character log.
A15: THE COST
... A53: - they are never kept in a spellbook.

Sheet Spells
A1: Level | B1: Spell | C1: School | D1: Source | E1: Restriction | F1: GP | G1: DT
A2: 1 | B2: Absorb Elements | C2: Abjuration | D2: Xanathar's Guide | F2: =A2*50 | G2: =IF(A2<=4,1,2)
A3: 1 | B3: Alarm | C3: Abjuration | D3: PHB 2024 | F3: =A3*50 | G3: =IF(A3<=4,1,2)
A4: 1 | B4: Burning Hands | C4: Evocation | D4: PHB 2024 | F4: =A4*50 | G4: =IF(A4<=4,1,2)
A5: 1 | B5: Catapult | C5: Transmutation | D5: Xanathar's Guide | F5: =A5*50 | G5: =IF(A5<=4,1,2)
A6: 1 | B6: Cause Fear | C6: Necromancy | D6: Xanathar's Guide | F6: =A6*50 | G6: =IF(A6<=4,1,2)
A7: 1 | B7: Charm Person | C7: Enchantment | D7: PHB 2024 | F7: =A7*50 | G7: =IF(A7<=4,1,2)
A8: 1 | B8: Chromatic Orb | C8: Evocation | D8: PHB 2024 | F8: =A8*50 | G8: =IF(A8<=4,1,2)
A9: 1 | B9: Color Spray | C9: Illusion | D9: PHB 2024 | F9: =A9*50 | G9: =IF(A9<=4,1,2)
A10: 1 | B10: Comprehend Languages | C10: Divination | D10: PHB 2024 | F10: =A10*50 | G10: =IF(A10<=4,1,2)
A11: 1 | B11: Detect Magic | C11: Divination | D11: PHB 2024 | F11: =A11*50 | G11: =IF(A11<=4,1,2)
A12: 1 | B12: Disguise Self | C12: Illusion | D12: PHB 2024 | F12: =A12*50 | G12: =IF(A12<=4,1,2)
A13: 1 | B13: Earth Tremor | C13: Evocation | D13: Xanathar's Guide | F13: =A13*50 | G13: =IF(A13<=4,1,2)
... A351: 9 | B351: Wish | C351: Conjuration | D351: PHB 2024 | F351: =A351*50 | G351: =IF(A351<=4,1,2)

Sheet Form Responses
A1: Timestamp | B1: Email Address | C1: Player name | D1: Character name | E1: Wizard level | F1: Table number | G1: Wizard subclass | H1: Contact after the event | I1: Level 1 spells | J1: Level 2 spells | K1: Level 3 spells | L1: Level 4 spells | M1: Level 5 spells | N1: Level 6 spells | O1: Level 7 spells | P1: Level 8 spells | Q1: Level 9 spells | R1: Other spells not in the lists above
A27: Google Forms writes into this tab. Do not edit or reorder columns - the whole workbook references them by position.

Sheet Wizards
A1: Character | B1: Player | C1: Wizard level | D1: Max spell level | E1: Table | F1: Subclass | G1: Order of Scribes? | H1: Contact | I1: Spells in book | J1: Rare spells held
A2: =IF(INDEX('Form Responses'!$D$1:$D$200,2)="","",INDEX('Form Responses'!$D$1:$D$200,2)) | B2: =IF($A2="","",INDEX('Form Responses'!$C$1:$C$200,2)) | C2: =IF($A2="","",INDEX('Form Responses'!$E$1:$E$200,2)) | D2: =IF($A2="","",MIN(9,CEILING($C2/2,1))) | E2: =IF($A2="","",INDEX('Form Responses'!$F$1:$F$200,2)) | F2: =IF($A2="","",INDEX('Form Responses'!$G$1:$G$200,2)) | G2: =IF($A2="","",IF(ISNUMBER(SEARCH("Scribes",INDEX('Form Responses'!$G$1:$G$200,2))),"Yes","No")) | H2: =IF($A2="","",INDEX('Form Responses'!$H$1:$H$200,2)) | I2: =IF($A2="","",COUNT(Matrix!$D$2:$D$351)) | J2: =IF($A2="","",COUNTIFS(Matrix!$D$2:$D$351,1,Matrix!$BA$2:$BA$351,1))
A3: =IF(INDEX('Form Responses'!$D$1:$D$200,3)="","",INDEX('Form Responses'!$D$1:$D$200,3)) | B3: =IF($A3="","",INDEX('Form Responses'!$C$1:$C$200,3)) | C3: =IF($A3="","",INDEX('Form Responses'!$E$1:$E$200,3)) | D3: =IF($A3="","",MIN(9,CEILING($C3/2,1))) | E3: =IF($A3="","",INDEX('Form Responses'!$F$1:$F$200,3)) | F3: =IF($A3="","",INDEX('Form Responses'!$G$1:$G$200,3)) | G3: =IF($A3="","",IF(ISNUMBER(SEARCH("Scribes",INDEX('Form Responses'!$G$1:$G$200,3))),"Yes","No")) | H3: =IF($A3="","",INDEX('Form Responses'!$H$1:$H$200,3)) | I3: =IF($A3="","",COUNT(Matrix!$E$2:$E$351)) | J3: =IF($A3="","",COUNTIFS(Matrix!$E$2:$E$351,1,Matrix!$BA$2:$BA$351,1))
A4: =IF(INDEX('Form Responses'!$D$1:$D$200,4)="","",INDEX('Form Responses'!$D$1:$D$200,4)) | B4: =IF($A4="","",INDEX('Form Responses'!$C$1:$C$200,4)) | C4: =IF($A4="","",INDEX('Form Responses'!$E$1:$E$200,4)) | D4: =IF($A4="","",MIN(9,CEILING($C4/2,1))) | E4: =IF($A4="","",INDEX('Form Responses'!$F$1:$F$200,4)) | F4: =IF($A4="","",INDEX('Form Responses'!$G$1:$G$200,4)) | G4: =IF($A4="","",IF(ISNUMBER(SEARCH("Scribes",INDEX('Form Responses'!$G$1:$G$200,4))),"Yes","No")) | H4: =IF($A4="","",INDEX('Form Responses'!$H$1:$H$200,4)) | I4: =IF($A4="","",COUNT(Matrix!$F$2:$F$351)) | J4: =IF($A4="","",COUNTIFS(Matrix!$F$2:$F$351,1,Matrix!$BA$2:$BA$351,1))
A5: =IF(INDEX('Form Responses'!$D$1:$D$200,5)="","",INDEX('Form Responses'!$D$1:$D$200,5)) | B5: =IF($A5="","",INDEX('Form Responses'!$C$1:$C$200,5)) | C5: =IF($A5="","",INDEX('Form Responses'!$E$1:$E$200,5)) | D5: =IF($A5="","",MIN(9,CEILING($C5/2,1))) | E5: =IF($A5="","",INDEX('Form Responses'!$F$1:$F$200,5)) | F5: =IF($A5="","",INDEX('Form Responses'!$G$1:$G$200,5)) | G5: =IF($A5="","",IF(ISNUMBER(SEARCH("Scribes",INDEX('Form Responses'!$G$1:$G$200,5))),"Yes","No")) | H5: =IF($A5="","",INDEX('Form Responses'!$H$1:$H$200,5)) | I5: =IF($A5="","",COUNT(Matrix!$G$2:$G$351)) | J5: =IF($A5="","",COUNTIFS(Matrix!$G$2:$G$351,1,Matrix!$BA$2:$BA$351,1))
A6: =IF(INDEX('Form Responses'!$D$1:$D$200,6)="","",INDEX('Form Responses'!$D$1:$D$200,6)) | B6: =IF($A6="","",INDEX('Form Responses'!$C$1:$C$200,6)) | C6: =IF($A6="","",INDEX('Form Responses'!$E$1:$E$200,6)) | D6: =IF($A6="","",MIN(9,CEILING($C6/2,1))) | E6: =IF($A6="","",INDEX('Form Responses'!$F$1:$F$200,6)) | F6: =IF($A6="","",INDEX('Form Responses'!$G$1:$G$200,6)) | G6: =IF($A6="","",IF(ISNUMBER(SEARCH("Scribes",INDEX('Form Responses'!$G$1:$G$200,6))),"Yes","No")) | H6: =IF($A6="","",INDEX('Form Responses'!$H$1:$H$200,6)) | I6: =IF($A6="","",COUNT(Matrix!$H$2:$H$351)) | J6: =IF($A6="","",COUNTIFS(Matrix!$H$2:$H$351,1,Matrix!$BA$2:$BA$351,1))
A7: =IF(INDEX('Form Responses'!$D$1:$D$200,7)="","",INDEX('Form Responses'!$D$1:$D$200,7)) | B7: =IF($A7="","",INDEX('Form Responses'!$C$1:$C$200,7)) | C7: =IF($A7="","",INDEX('Form Responses'!$E$1:$E$200,7)) | D7: =IF($A7="","",MIN(9,CEILING($C7/2,1))) | E7: =IF($A7="","",INDEX('Form Responses'!$F$1:$F$200,7)) | F7: =IF($A7="","",INDEX('Form Responses'!$G$1:$G$200,7)) | G7: =IF($A7="","",IF(ISNUMBER(SEARCH("Scribes",INDEX('Form Responses'!$G$1:$G$200,7))),"Yes","No")) | H7: =IF($A7="","",INDEX('Form Responses'!$H$1:$H$200,7)) | I7: =IF($A7="","",COUNT(Matrix!$I$2:$I$351)) | J7: =IF($A7="","",COUNTIFS(Matrix!$I$2:$I$351,1,Matrix!$BA$2:$BA$351,1))
A8: =IF(INDEX('Form Responses'!$D$1:$D$200,8)="","",INDEX('Form Responses'!$D$1:$D$200,8)) | B8: =IF($A8="","",INDEX('Form Responses'!$C$1:$C$200,8)) | C8: =IF($A8="","",INDEX('Form Responses'!$E$1:$E$200,8)) | D8: =IF($A8="","",MIN(9,CEILING($C8/2,1))) | E8: =IF($A8="","",INDEX('Form Responses'!$F$1:$F$200,8)) | F8: =IF($A8="","",INDEX('Form Responses'!$G$1:$G$200,8)) | G8: =IF($A8="","",IF(ISNUMBER(SEARCH("Scribes",INDEX('Form Responses'!$G$1:$G$200,8))),"Yes","No")) | H8: =IF($A8="","",INDEX('Form Responses'!$H$1:$H$200,8)) | I8: =IF($A8="","",COUNT(Matrix!$J$2:$J$351)) | J8: =IF($A8="","",COUNTIFS(Matrix!$J$2:$J$351,1,Matrix!$BA$2:$BA$351,1))
A9: =IF(INDEX('Form Responses'!$D$1:$D$200,9)="","",INDEX('Form Responses'!$D$1:$D$200,9)) | B9: =IF($A9="","",INDEX('Form Responses'!$C$1:$C$200,9)) | C9: =IF($A9="","",INDEX('Form Responses'!$E$1:$E$200,9)) | D9: =IF($A9="","",MIN(9,CEILING($C9/2,1))) | E9: =IF($A9="","",INDEX('Form Responses'!$F$1:$F$200,9)) | F9: =IF($A9="","",INDEX('Form Responses'!$G$1:$G$200,9)) | G9: =IF($A9="","",IF(ISNUMBER(SEARCH("Scribes",INDEX('Form Responses'!$G$1:$G$200,9))),"Yes","No")) | H9: =IF($A9="","",INDEX('Form Responses'!$H$1:$H$200,9)) | I9: =IF($A9="","",COUNT(Matrix!$K$2:$K$351)) | J9: =IF($A9="","",COUNTIFS(Matrix!$K$2:$K$351,1,Matrix!$BA$2:$BA$351,1))
A10: =IF(INDEX('Form Responses'!$D$1:$D$200,10)="","",INDEX('Form Responses'!$D$1:$D$200,10)) | B10: =IF($A10="","",INDEX('Form Responses'!$C$1:$C$200,10)) | C10: =IF($A10="","",INDEX('Form Responses'!$E$1:$E$200,10)) | D10: =IF($A10="","",MIN(9,CEILING($C10/2,1))) | E10: =IF($A10="","",INDEX('Form Responses'!$F$1:$F$200,10)) | F10: =IF($A10="","",INDEX('Form Responses'!$G$1:$G$200,10)) | G10: =IF($A10="","",IF(ISNUMBER(SEARCH("Scribes",INDEX('Form Responses'!$G$1:$G$200,10))),"Yes","No")) | H10: =IF($A10="","",INDEX('Form Responses'!$H$1:$H$200,10)) | I10: =IF($A10="","",COUNT(Matrix!$L$2:$L$351)) | J10: =IF($A10="","",COUNTIFS(Matrix!$L$2:$L$351,1,Matrix!$BA$2:$BA$351,1))
A11: =IF(INDEX('Form Responses'!$D$1:$D$200,11)="","",INDEX('Form Responses'!$D$1:$D$200,11)) | B11: =IF($A11="","",INDEX('Form Responses'!$C$1:$C$200,11)) | C11: =IF($A11="","",INDEX('Form Responses'!$E$1:$E$200,11)) | D11: =IF($A11="","",MIN(9,CEILING($C11/2,1))) | E11: =IF($A11="","",INDEX('Form Responses'!$F$1:$F$200,11)) | F11: =IF($A11="","",INDEX('Form Responses'!$G$1:$G$200,11)) | G11: =IF($A11="","",IF(ISNUMBER(SEARCH("Scribes",INDEX('Form Responses'!$G$1:$G$200,11))),"Yes","No")) | H11: =IF($A11="","",INDEX('Form Responses'!$H$1:$H$200,11)) | I11: =IF($A11="","",COUNT(Matrix!$M$2:$M$351)) | J11: =IF($A11="","",COUNTIFS(Matrix!$M$2:$M$351,1,Matrix!$BA$2:$BA$351,1))
A12: =IF(INDEX('Form Responses'!$D$1:$D$200,12)="","",INDEX('Form Responses'!$D$1:$D$200,12)) | B12: =IF($A12="","",INDEX('Form Responses'!$C$1:$C$200,12)) | C12: =IF($A12="","",INDEX('Form Responses'!$E$1:$E$200,12)) | D12: =IF($A12="","",MIN(9,CEILING($C12/2,1))) | E12: =IF($A12="","",INDEX('Form Responses'!$F$1:$F$200,12)) | F12: =IF($A12="","",INDEX('Form Responses'!$G$1:$G$200,12)) | G12: =IF($A12="","",IF(ISNUMBER(SEARCH("Scribes",INDEX('Form Responses'!$G$1:$G$200,12))),"Yes","No")) | H12: =IF($A12="","",INDEX('Form Responses'!$H$1:$H$200,12)) | I12: =IF($A12="","",COUNT(Matrix!$N$2:$N$351)) | J12: =IF($A12="","",COUNTIFS(Matrix!$N$2:$N$351,1,Matrix!$BA$2:$BA$351,1))
A13: =IF(INDEX('Form Responses'!$D$1:$D$200,13)="","",INDEX('Form Responses'!$D$1:$D$200,13)) | B13: =IF($A13="","",INDEX('Form Responses'!$C$1:$C$200,13)) | C13: =IF($A13="","",INDEX('Form Responses'!$E$1:$E$200,13)) | D13: =IF($A13="","",MIN(9,CEILING($C13/2,1))) | E13: =IF($A13="","",INDEX('Form Responses'!$F$1:$F$200,13)) | F13: =IF($A13="","",INDEX('Form Responses'!$G$1:$G$200,13)) | G13: =IF($A13="","",IF(ISNUMBER(SEARCH("Scribes",INDEX('Form Responses'!$G$1:$G$200,13))),"Yes","No")) | H13: =IF($A13="","",INDEX('Form Responses'!$H$1:$H$200,13)) | I13: =IF($A13="","",COUNT(Matrix!$O$2:$O$351)) | J13: =IF($A13="","",COUNTIFS(Matrix!$O$2:$O$351,1,Matrix!$BA$2:$BA$351,1))
A14: =IF(INDEX('Form Responses'!$D$1:$D$200,14)="","",INDEX('Form Responses'!$D$1:$D$200,14)) | B14: =IF($A14="","",INDEX('Form Responses'!$C$1:$C$200,14)) | C14: =IF($A14="","",INDEX('Form Responses'!$E$1:$E$200,14)) | D14: =IF($A14="","",MIN(9,CEILING($C14/2,1))) | E14: =IF($A14="","",INDEX('Form Responses'!$F$1:$F$200,14)) | F14: =IF($A14="","",INDEX('Form Responses'!$G$1:$G$200,14)) | G14: =IF($A14="","",IF(ISNUMBER(SEARCH("Scribes",INDEX('Form Responses'!$G$1:$G$200,14))),"Yes","No")) | H14: =IF($A14="","",INDEX('Form Responses'!$H$1:$H$200,14)) | I14: =IF($A14="","",COUNT(Matrix!$P$2:$P$351)) | J14: =IF($A14="","",COUNTIFS(Matrix!$P$2:$P$351,1,Matrix!$BA$2:$BA$351,1))
A15: =IF(INDEX('Form Responses'!$D$1:$D$200,15)="","",INDEX('Form Responses'!$D$1:$D$200,15)) | B15: =IF($A15="","",INDEX('Form Responses'!$C$1:$C$200,15)) | C15: =IF($A15="","",INDEX('Form Responses'!$E$1:$E$200,15)) | D15: =IF($A15="","",MIN(9,CEILING($C15/2,1))) | E15: =IF($A15="","",INDEX('Form Responses'!$F$1:$F$200,15)) | F15: =IF($A15="","",INDEX('Form Responses'!$G$1:$G$200,15)) | G15: =IF($A15="","",IF(ISNUMBER(SEARCH("Scribes",INDEX('Form Responses'!$G$1:$G$200,15))),"Yes","No")) | H15: =IF($A15="","",INDEX('Form Responses'!$H$1:$H$200,15)) | I15: =IF($A15="","",COUNT(Matrix!$Q$2:$Q$351)) | J15: =IF($A15="","",COUNTIFS(Matrix!$Q$2:$Q$351,1,Matrix!$BA$2:$BA$351,1))
A16: =IF(INDEX('Form Responses'!$D$1:$D$200,16)="","",INDEX('Form Responses'!$D$1:$D$200,16)) | B16: =IF($A16="","",INDEX('Form Responses'!$C$1:$C$200,16)) | C16: =IF($A16="","",INDEX('Form Responses'!$E$1:$E$200,16)) | D16: =IF($A16="","",MIN(9,CEILING($C16/2,1))) | E16: =IF($A16="","",INDEX('Form Responses'!$F$1:$F$200,16)) | F16: =IF($A16="","",INDEX('Form Responses'!$G$1:$G$200,16)) | G16: =IF($A16="","",IF(ISNUMBER(SEARCH("Scribes",INDEX('Form Responses'!$G$1:$G$200,16))),"Yes","No")) | H16: =IF($A16="","",INDEX('Form Responses'!$H$1:$H$200,16)) | I16: =IF($A16="","",COUNT(Matrix!$R$2:$R$351)) | J16: =IF($A16="","",COUNTIFS(Matrix!$R$2:$R$351,1,Matrix!$BA$2:$BA$351,1))
A17: =IF(INDEX('Form Responses'!$D$1:$D$200,17)="","",INDEX('Form Responses'!$D$1:$D$200,17)) | B17: =IF($A17="","",INDEX('Form Responses'!$C$1:$C$200,17)) | C17: =IF($A17="","",INDEX('Form Responses'!$E$1:$E$200,17)) | D17: =IF($A17="","",MIN(9,CEILING($C17/2,1))) | E17: =IF($A17="","",INDEX('Form Responses'!$F$1:$F$200,17)) | F17: =IF($A17="","",INDEX('Form Responses'!$G$1:$G$200,17)) | G17: =IF($A17="","",IF(ISNUMBER(SEARCH("Scribes",INDEX('Form Responses'!$G$1:$G$200,17))),"Yes","No")) | H17: =IF($A17="","",INDEX('Form Responses'!$H$1:$H$200,17)) | I17: =IF($A17="","",COUNT(Matrix!$S$2:$S$351)) | J17: =IF($A17="","",COUNTIFS(Matrix!$S$2:$S$351,1,Matrix!$BA$2:$BA$351,1))
A18: =IF(INDEX('Form Responses'!$D$1:$D$200,18)="","",INDEX('Form Responses'!$D$1:$D$200,18)) | B18: =IF($A18="","",INDEX('Form Responses'!$C$1:$C$200,18)) | C18: =IF($A18="","",INDEX('Form Responses'!$E$1:$E$200,18)) | D18: =IF($A18="","",MIN(9,CEILING($C18/2,1))) | E18: =IF($A18="","",INDEX('Form Responses'!$F$1:$F$200,18)) | F18: =IF($A18="","",INDEX('Form Responses'!$G$1:$G$200,18)) | G18: =IF($A18="","",IF(ISNUMBER(SEARCH("Scribes",INDEX('Form Responses'!$G$1:$G$200,18))),"Yes","No")) | H18: =IF($A18="","",INDEX('Form Responses'!$H$1:$H$200,18)) | I18: =IF($A18="","",COUNT(Matrix!$T$2:$T$351)) | J18: =IF($A18="","",COUNTIFS(Matrix!$T$2:$T$351,1,Matrix!$BA$2:$BA$351,1))
A19: =IF(INDEX('Form Responses'!$D$1:$D$200,19)="","",INDEX('Form Responses'!$D$1:$D$200,19)) | B19: =IF($A19="","",INDEX('Form Responses'!$C$1:$C$200,19)) | C19: =IF($A19="","",INDEX('Form Responses'!$E$1:$E$200,19)) | D19: =IF($A19="","",MIN(9,CEILING($C19/2,1))) | E19: =IF($A19="","",INDEX('Form Responses'!$F$1:$F$200,19)) | F19: =IF($A19="","",INDEX('Form Responses'!$G$1:$G$200,19)) | G19: =IF($A19="","",IF(ISNUMBER(SEARCH("Scribes",INDEX('Form Responses'!$G$1:$G$200,19))),"Yes","No")) | H19: =IF($A19="","",INDEX('Form Responses'!$H$1:$H$200,19)) | I19: =IF($A19="","",COUNT(Matrix!$U$2:$U$351)) | J19: =IF($A19="","",COUNTIFS(Matrix!$U$2:$U$351,1,Matrix!$BA$2:$BA$351,1))
A20: =IF(INDEX('Form Responses'!$D$1:$D$200,20)="","",INDEX('Form Responses'!$D$1:$D$200,20)) | B20: =IF($A20="","",INDEX('Form Responses'!$C$1:$C$200,20)) | C20: =IF($A20="","",INDEX('Form Responses'!$E$1:$E$200,20)) | D20: =IF($A20="","",MIN(9,CEILING($C20/2,1))) | E20: =IF($A20="","",INDEX('Form Responses'!$F$1:$F$200,20)) | F20: =IF($A20="","",INDEX('Form Responses'!$G$1:$G$200,20)) | G20: =IF($A20="","",IF(ISNUMBER(SEARCH("Scribes",INDEX('Form Responses'!$G$1:$G$200,20))),"Yes","No")) | H20: =IF($A20="","",INDEX('Form Responses'!$H$1:$H$200,20)) | I20: =IF($A20="","",COUNT(Matrix!$V$2:$V$351)) | J20: =IF($A20="","",COUNTIFS(Matrix!$V$2:$V$351,1,Matrix!$BA$2:$BA$351,1))
A21: =IF(INDEX('Form Responses'!$D$1:$D$200,21)="","",INDEX('Form Responses'!$D$1:$D$200,21)) | B21: =IF($A21="","",INDEX('Form Responses'!$C$1:$C$200,21)) | C21: =IF($A21="","",INDEX('Form Responses'!$E$1:$E$200,21)) | D21: =IF($A21="","",MIN(9,CEILING($C21/2,1))) | E21: =IF($A21="","",INDEX('Form Responses'!$F$1:$F$200,21)) | F21: =IF($A21="","",INDEX('Form Responses'!$G$1:$G$200,21)) | G21: =IF($A21="","",IF(ISNUMBER(SEARCH("Scribes",INDEX('Form Responses'!$G$1:$G$200,21))),"Yes","No")) | H21: =IF($A21="","",INDEX('Form Responses'!$H$1:$H$200,21)) | I21: =IF($A21="","",COUNT(Matrix!$W$2:$W$351)) | J21: =IF($A21="","",COUNTIFS(Matrix!$W$2:$W$351,1,Matrix!$BA$2:$BA$351,1))
A22: =IF(INDEX('Form Responses'!$D$1:$D$200,22)="","",INDEX('Form Responses'!$D$1:$D$200,22)) | B22: =IF($A22="","",INDEX('Form Responses'!$C$1:$C$200,22)) | C22: =IF($A22="","",INDEX('Form Responses'!$E$1:$E$200,22)) | D22: =IF($A22="","",MIN(9,CEILING($C22/2,1))) | E22: =IF($A22="","",INDEX('Form Responses'!$F$1:$F$200,22)) | F22: =IF($A22="","",INDEX('Form Responses'!$G$1:$G$200,22)) | G22: =IF($A22="","",IF(ISNUMBER(SEARCH("Scribes",INDEX('Form Responses'!$G$1:$G$200,22))),"Yes","No")) | H22: =IF($A22="","",INDEX('Form Responses'!$H$1:$H$200,22)) | I22: =IF($A22="","",COUNT(Matrix!$X$2:$X$351)) | J22: =IF($A22="","",COUNTIFS(Matrix!$X$2:$X$351,1,Matrix!$BA$2:$BA$351,1))
A23: =IF(INDEX('Form Responses'!$D$1:$D$200,23)="","",INDEX('Form Responses'!$D$1:$D$200,23)) | B23: =IF($A23="","",INDEX('Form Responses'!$C$1:$C$200,23)) | C23: =IF($A23="","",INDEX('Form Responses'!$E$1:$E$200,23)) | D23: =IF($A23="","",MIN(9,CEILING($C23/2,1))) | E23: =IF($A23="","",INDEX('Form Responses'!$F$1:$F$200,23)) | F23: =IF($A23="","",INDEX('Form Responses'!$G$1:$G$200,23)) | G23: =IF($A23="","",IF(ISNUMBER(SEARCH("Scribes",INDEX('Form Responses'!$G$1:$G$200,23))),"Yes","No")) | H23: =IF($A23="","",INDEX('Form Responses'!$H$1:$H$200,23)) | I23: =IF($A23="","",COUNT(Matrix!$Y$2:$Y$351)) | J23: =IF($A23="","",COUNTIFS(Matrix!$Y$2:$Y$351,1,Matrix!$BA$2:$BA$351,1))
A24: =IF(INDEX('Form Responses'!$D$1:$D$200,24)="","",INDEX('Form Responses'!$D$1:$D$200,24)) | B24: =IF($A24="","",INDEX('Form Responses'!$C$1:$C$200,24)) | C24: =IF($A24="","",INDEX('Form Responses'!$E$1:$E$200,24)) | D24: =IF($A24="","",MIN(9,CEILING($C24/2,1))) | E24: =IF($A24="","",INDEX('Form Responses'!$F$1:$F$200,24)) | F24: =IF($A24="","",INDEX('Form Responses'!$G$1:$G$200,24)) | G24: =IF($A24="","",IF(ISNUMBER(SEARCH("Scribes",INDEX('Form Responses'!$G$1:$G$200,24))),"Yes","No")) | H24: =IF($A24="","",INDEX('Form Responses'!$H$1:$H$200,24)) | I24: =IF($A24="","",COUNT(Matrix!$Z$2:$Z$351)) | J24: =IF($A24="","",COUNTIFS(Matrix!$Z$2:$Z$351,1,Matrix!$BA$2:$BA$351,1))
A25: =IF(INDEX('Form Responses'!$D$1:$D$200,25)="","",INDEX('Form Responses'!$D$1:$D$200,25)) | B25: =IF($A25="","",INDEX('Form Responses'!$C$1:$C$200,25)) | C25: =IF($A25="","",INDEX('Form Responses'!$E$1:$E$200,25)) | D25: =IF($A25="","",MIN(9,CEILING($C25/2,1))) | E25: =IF($A25="","",INDEX('Form Responses'!$F$1:$F$200,25)) | F25: =IF($A25="","",INDEX('Form Responses'!$G$1:$G$200,25)) | G25: =IF($A25="","",IF(ISNUMBER(SEARCH("Scribes",INDEX('Form Responses'!$G$1:$G$200,25))),"Yes","No")) | H25: =IF($A25="","",INDEX('Form Responses'!$H$1:$H$200,25)) | I25: =IF($A25="","",COUNT(Matrix!$AA$2:$AA$351)) | J25: =IF($A25="","",COUNTIFS(Matrix!$AA$2:$AA$351,1,Matrix!$BA$2:$BA$351,1))

Sheet Matrix
A1: Level | B1: Spell | C1: School | D1: =IF(Wizards!A2="","",Wizards!A2) | E1: =IF(Wizards!A3="","",Wizards!A3) | F1: =IF(Wizards!A4="","",Wizards!A4) | G1: =IF(Wizards!A5="","",Wizards!A5) | H1: =IF(Wizards!A6="","",Wizards!A6) | I1: =IF(Wizards!A7="","",Wizards!A7) | J1: =IF(Wizards!A8="","",Wizards!A8) | K1: =IF(Wizards!A9="","",Wizards!A9) | L1: =IF(Wizards!A10="","",Wizards!A10) | M1: =IF(Wizards!A11="","",Wizards!A11) | N1: =IF(Wizards!A12="","",Wizards!A12) | O1: =IF(Wizards!A13="","",Wizards!A13) | P1: =IF(Wizards!A14="","",Wizards!A14) | Q1: =IF(Wizards!A15="","",Wizards!A15) | R1: =IF(Wizards!A16="","",Wizards!A16) | S1: =IF(Wizards!A17="","",Wizards!A17) | T1: =IF(Wizards!A18="","",Wizards!A18) | U1: =IF(Wizards!A19="","",Wizards!A19) | V1: =IF(Wizards!A20="","",Wizards!A20) | W1: =IF(Wizards!A21="","",Wizards!A21) | X1: =IF(Wizards!A22="","",Wizards!A22) | Y1: =IF(Wizards!A23="","",Wizards!A23) | Z1: =IF(Wizards!A24="","",Wizards!A24) | AA1: =IF(Wizards!A25="","",Wizards!A25) | AB1: helper 1 | AC1: helper 2 | AD1: helper 3 | AE1: helper 4 | AF1: helper 5 | AG1: helper 6 | AH1: helper 7 | AI1: helper 8 | AJ1: helper 9 | AK1: helper 10 | AL1: helper 11 | AM1: helper 12 | AN1: helper 13 | AO1: helper 14 | AP1: helper 15 | AQ1: helper 16 | AR1: helper 17 | AS1: helper 18 | AT1: helper 19 | AU1: helper 20 | AV1: helper 21 | AW1: helper 22 | AX1: helper 23 | AY1: helper 24 | AZ1: Owners | BA1: # Owners
A2: 1 | B2: Absorb Elements | C2: Abjuration | D2: =IF(Wizards!$A$2="","",IF(OR(ISNUMBER(SEARCH(", "&$B2&", ", ", "&INDEX('Form Responses'!$I$1:$Q$200,2,$A2)&", ")),ISNUMBER(SEARCH(", "&$B2&", ", ", "&INDEX('Form Responses'!$R$1:$R$200,2)&", "))),1,"")) | E2: =IF(Wizards!$A$3="","",IF(OR(ISNUMBER(SEARCH(", "&$B2&", ", ", "&INDEX('Form Responses'!$I$1:$Q$200,3,$A2)&", ")),ISNUMBER(SEARCH(", "&$B2&", ", ", "&INDEX('Form Responses'!$R$1:$R$200,3)&", "))),1,"")) | F2: =IF(Wizards!$A$4="","",IF(OR(ISNUMBER(SEARCH(", "&$B2&", ", ", "&INDEX('Form Responses'!$I$1:$Q$200,4,$A2)&", ")),ISNUMBER(SEARCH(", "&$B2&", ", ", "&INDEX('Form Responses'!$R$1:$R$200,4)&", "))),1,"")) | G2: =IF(Wizards!$A$5="","",IF(OR(ISNUMBER(SEARCH(", "&$B2&", ", ", "&INDEX('Form Responses'!$I$1:$Q$200,5,$A2)&", ")),ISNUMBER(SEARCH(", "&$B2&", ", ", "&INDEX('Form Responses'!$R$1:$R$200,5)&", "))),1,"")) | H2: =IF(Wizards!$A$6="","",IF(OR(ISNUMBER(SEARCH(", "&$B2&", ", ", "&INDEX('Form Responses'!$I$1:$Q$200,6,$A2)&", ")),ISNUMBER(SEARCH(", "&$B2&", ", ", "&INDEX('Form Responses'!$R$1:$R$200,6)&", "))),1,"")) | I2: =IF(Wizards!$A$7="","",IF(OR(ISNUMBER(SEARCH(", "&$B2&", ", ", "&INDEX('Form Responses'!$I$1:$Q$200,7,$A2)&", ")),ISNUMBER(SEARCH(", "&$B2&", ", ", "&INDEX('Form Responses'!$R$1:$R$200,7)&", "))),1,"")) | J2: =IF(Wizards!$A$8="","",IF(OR(ISNUMBER(SEARCH(", "&$B2&", ", ", "&INDEX('Form Responses'!$I$1:$Q$200,8,$A2)&", ")),ISNUMBER(SEARCH(", "&$B2&", ", ", "&INDEX('Form Responses'!$R$1:$R$200,8)&", "))),1,"")) | K2: =IF(Wizards!$A$9="","",IF(OR(ISNUMBER(SEARCH(", "&$B2&", ", ", "&INDEX('Form Responses'!$I$1:$Q$200,9,$A2)&", ")),ISNUMBER(SEARCH(", "&$B2&", ", ", "&INDEX('Form Responses'!$R$1:$R$200,9)&", "))),1,"")) | L2: =IF(Wizards!$A$10="","",IF(OR(ISNUMBER(SEARCH(", "&$B2&", ", ", "&INDEX('Form Responses'!$I$1:$Q$200,10,$A2)&", ")),ISNUMBER(SEARCH(", "&$B2&", ", ", "&INDEX('Form Responses'!$R$1:$R$200,10)&", "))),1,"")) | M2: =IF(Wizards!$A$11="","",IF(OR(ISNUMBER(SEARCH(", "&$B2&", ", ", "&INDEX('Form Responses'!$I$1:$Q$200,11,$A2)&", ")),ISNUMBER(SEARCH(", "&$B2&", ", ", "&INDEX('Form Responses'!$R$1:$R$200,11)&", "))),1,"")) | N2: =IF(Wizards!$A$12="","",IF(OR(ISNUMBER(SEARCH(", "&$B2&", ", ", "&INDEX('Form Responses'!$I$1:$Q$200,12,$A2)&", ")),ISNUMBER(SEARCH(", "&$B2&", ", ", "&INDEX('Form Responses'!$R$1:$R$200,12)&", "))),1,"")) | O2: =IF(Wizards!$A$13="","",IF(OR(ISNUMBER(SEARCH(", "&$B2&", ", ", "&INDEX('Form Responses'!$I$1:$Q$200,13,$A2)&", ")),ISNUMBER(SEARCH(", "&$B2&", ", ", "&INDEX('Form Responses'!$R$1:$R$200,13)&", "))),1,"")) | P2: =IF(Wizards!$A$14="","",IF(OR(ISNUMBER(SEARCH(", "&$B2&", ", ", "&INDEX('Form Responses'!$I$1:$Q$200,14,$A2)&", ")),ISNUMBER(SEARCH(", "&$B2&", ", ", "&INDEX('Form Responses'!$R$1:$R$200,14)&", "))),1,"")) | Q2: =IF(Wizards!$A$15="","",IF(OR(ISNUMBER(SEARCH(", "&$B2&", ", ", "&INDEX('Form Responses'!$I$1:$Q$200,15,$A2)&", ")),ISNUMBER(SEARCH(", "&$B2&", ", ", "&INDEX('Form Responses'!$R$1:$R$200,15)&", "))),1,"")) | R2: =IF(Wizards!$A$16="","",IF(OR(ISNUMBER(SEARCH(", "&$B2&", ", ", "&INDEX('Form Responses'!$I$1:$Q$200,16,$A2)&", ")),ISNUMBER(SEARCH(", "&$B2&", ", ", "&INDEX('Form Responses'!$R$1:$R$200,16)&", "))),1,"")) | S2: =IF(Wizards!$A$17="","",IF(OR(ISNUMBER(SEARCH(", "&$B2&", ", ", "&INDEX('Form Responses'!$I$1:$Q$200,17,$A2)&", ")),ISNUMBER(SEARCH(", "&$B2&", ", ", "&INDEX('Form Responses'!$R$1:$R$200,17)&", "))),1,"")) | T2: =IF(Wizards!$A$18="","",IF(OR(ISNUMBER(SEARCH(", "&$B2&", ", ", "&INDEX('Form Responses'!$I$1:$Q$200,18,$A2)&", ")),ISNUMBER(SEARCH(", "&$B2&", ", ", "&INDEX('Form Responses'!$R$1:$R$200,18)&", "))),1,"")) | U2: =IF(Wizards!$A$19="","",IF(OR(ISNUMBER(SEARCH(", "&$B2&", ", ", "&INDEX('Form Responses'!$I$1:$Q$200,19,$A2)&", ")),ISNUMBER(SEARCH(", "&$B2&", ", ", "&INDEX('Form Responses'!$R$1:$R$200,19)&", "))),1,"")) | V2: =IF(Wizards!$A$20="","",IF(OR(ISNUMBER(SEARCH(", "&$B2&", ", ", "&INDEX('Form Responses'!$I$1:$Q$200,20,$A2)&", ")),ISNUMBER(SEARCH(", "&$B2&", ", ", "&INDEX('Form Responses'!$R$1:$R$200,20)&", "))),1,"")) | W2: =IF(Wizards!$A$21="","",IF(OR(ISNUMBER(SEARCH(", "&$B2&", ", ", "&INDEX('Form Responses'!$I$1:$Q$200,21,$A2)&", ")),ISNUMBER(SEARCH(", "&$B2&", ", ", "&INDEX('Form Responses'!$R$1:$R$200,21)&", "))),1,"")) | X2: =IF(Wizards!$A$22="","",IF(OR(ISNUMBER(SEARCH(", "&$B2&", ", ", "&INDEX('Form Responses'!$I$1:$Q$200,22,$A2)&", ")),ISNUMBER(SEARCH(", "&$B2&", ", ", "&INDEX('Form Responses'!$R$1:$R$200,22)&", "))),1,"")) | Y2: =IF(Wizards!$A$23="","",IF(OR(ISNUMBER(SEARCH(", "&$B2&", ", ", "&INDEX('Form Responses'!$I$1:$Q$200,23,$A2)&", ")),ISNUMBER(SEARCH(", "&$B2&", ", ", "&INDEX('Form Responses'!$R$1:$R$200,23)&", "))),1,"")) | Z2: =IF(Wizards!$A$24="","",IF(OR(ISNUMBER(SEARCH(", "&$B2&", ", ", "&INDEX('Form Responses'!$I$1:$Q$200,24,$A2)&", ")),ISNUMBER(SEARCH(", "&$B2&", ", ", "&INDEX('Form Responses'!$R$1:$R$200,24)&", "))),1,"")) | AA2: =IF(Wizards!$A$25="","",IF(OR(ISNUMBER(SEARCH(", "&$B2&", ", ", "&INDEX('Form Responses'!$I$1:$Q$200,25,$A2)&", ")),ISNUMBER(SEARCH(", "&$B2&", ", ", "&INDEX('Form Responses'!$R$1:$R$200,25)&", "))),1,"")) | AB2: =IF(D2=1,", "&D$1,"") | AC2: =IF(E2=1,", "&E$1,"") | AD2: =IF(F2=1,", "&F$1,"") | AE2: =IF(G2=1,", "&G$1,"") | AF2: =IF(H2=1,", "&H$1,"") | AG2: =IF(I2=1,", "&I$1,"") | AH2: =IF(J2=1,", "&J$1,"") | AI2: =IF(K2=1,", "&K$1,"") | ... AY2: =IF(AA2=1,", "&AA$1,"") | AZ2: =MID($AB2&$AC2&$AD2&$AE2&$AF2&$AG2&$AH2&$AI2&$AJ2&$AK2&$AL2&$AM2&$AN2&$AO2&$AP2&$AQ2&$AR2&$AS2&$AT2&$AU2&$AV2&$AW2&$AX2&$AY2,3,32767) | BA2: =COUNT($D2:$AA2)
A3: 1 | B3: Alarm | C3: Abjuration | D3: =IF(Wizards!$A$2="","",IF(OR(ISNUMBER(SEARCH(", "&$B3&", ", ", "&INDEX('Form Responses'!$I$1:$Q$200,2,$A3)&", ")),ISNUMBER(SEARCH(", "&$B3&", ", ", "&INDEX('Form Responses'!$R$1:$R$200,2)&", "))),1,"")) | E3: =IF(Wizards!$A$3="","",IF(OR(ISNUMBER(SEARCH(", "&$B3&", ", ", "&INDEX('Form Responses'!$I$1:$Q$200,3,$A3)&", ")),ISNUMBER(SEARCH(", "&$B3&", ", ", "&INDEX('Form Responses'!$R$1:$R$200,3)&", "))),1,"")) | F3: =IF(Wizards!$A$4="","",IF(OR(ISNUMBER(SEARCH(", "&$B3&", ", ", "&INDEX('Form Responses'!$I$1:$Q$200,4,$A3)&", ")),ISNUMBER(SEARCH(", "&$B3&", ", ", "&INDEX('Form Responses'!$R$1:$R$200,4)&", "))),1,"")) | G3: =IF(Wizards!$A$5="","",IF(OR(ISNUMBER(SEARCH(", "&$B3&", ", ", "&INDEX('Form Responses'!$I$1:$Q$200,5,$A3)&", ")),ISNUMBER(SEARCH(", "&$B3&", ", ", "&INDEX('Form Responses'!$R$1:$R$200,5)&", "))),1,"")) | H3: =IF(Wizards!$A$6="","",IF(OR(ISNUMBER(SEARCH(", "&$B3&", ", ", "&INDEX('Form Responses'!$I$1:$Q$200,6,$A3)&", ")),ISNUMBER(SEARCH(", "&$B3&", ", ", "&INDEX('Form Responses'!$R$1:$R$200,6)&", "))),1,"")) | I3: =IF(Wizards!$A$7="","",IF(OR(ISNUMBER(SEARCH(", "&$B3&", ", ", "&INDEX('Form Responses'!$I$1:$Q$200,7,$A3)&", ")),ISNUMBER(SEARCH(", "&$B3&", ", ", "&INDEX('Form Responses'!$R$1:$R$200,7)&", "))),1,"")) | J3: =IF(Wizards!$A$8="","",IF(OR(ISNUMBER(SEARCH(", "&$B3&", ", ", "&INDEX('Form Responses'!$I$1:$Q$200,8,$A3)&", ")),ISNUMBER(SEARCH(", "&$B3&", ", ", "&INDEX('Form Responses'!$R$1:$R$200,8)&", "))),1,"")) | K3: =IF(Wizards!$A$9="","",IF(OR(ISNUMBER(SEARCH(", "&$B3&", ", ", "&INDEX('Form Responses'!$I$1:$Q$200,9,$A3)&", ")),ISNUMBER(SEARCH(", "&$B3&", ", ", "&INDEX('Form Responses'!$R$1:$R$200,9)&", "))),1,"")) | L3: =IF(Wizards!$A$10="","",IF(OR(ISNUMBER(SEARCH(", "&$B3&", ", ", "&INDEX('Form Responses'!$I$1:$Q$200,10,$A3)&", ")),ISNUMBER(SEARCH(", "&$B3&", ", ", "&INDEX('Form Responses'!$R$1:$R$200,10)&", "))),1,"")) | M3: =IF(Wizards!$A$11="","",IF(OR(ISNUMBER(SEARCH(", "&$B3&", ", ", "&INDEX('Form Responses'!$I$1:$Q$200,11,$A3)&", ")),ISNUMBER(SEARCH(", "&$B3&", ", ", "&INDEX('Form Responses'!$R$1:$R$200,11)&", "))),1,"")) | N3: =IF(Wizards!$A$12="","",IF(OR(ISNUMBER(SEARCH(", "&$B3&", ", ", "&INDEX('Form Responses'!$I$1:$Q$200,12,$A3)&", ")),ISNUMBER(SEARCH(", "&$B3&", ", ", "&INDEX('Form Responses'!$R$1:$R$200,12)&", "))),1,"")) | O3: =IF(Wizards!$A$13="","",IF(OR(ISNUMBER(SEARCH(", "&$B3&", ", ", "&INDEX('Form Responses'!$I$1:$Q$200,13,$A3)&", ")),ISNUMBER(SEARCH(", "&$B3&", ", ", "&INDEX('Form Responses'!$R$1:$R$200,13)&", "))),1,"")) | P3: =IF(Wizards!$A$14="","",IF(OR(ISNUMBER(SEARCH(", "&$B3&", ", ", "&INDEX('Form Responses'!$I$1:$Q$200,14,$A3)&", ")),ISNUMBER(SEARCH(", "&$B3&", ", ", "&INDEX('Form Responses'!$R$1:$R$200,14)&", "))),1,"")) | Q3: =IF(Wizards!$A$15="","",IF(OR(ISNUMBER(SEARCH(", "&$B3&", ", ", "&INDEX('Form Responses'!$I$1:$Q$200,15,$A3)&", ")),ISNUMBER(SEARCH(", "&$B3&", ", ", "&INDEX('Form Responses'!$R$1:$R$200,15)&", "))),1,"")) | R3: =IF(Wizards!$A$16="","",IF(OR(ISNUMBER(SEARCH(", "&$B3&", ", ", "&INDEX('Form Responses'!$I$1:$Q$200,16,$A3)&", ")),ISNUMBER(SEARCH(", "&$B3&", ", ", "&INDEX('Form Responses'!$R$1:$R$200,16)&", "))),1,"")) | S3: =IF(Wizards!$A$17="","",IF(OR(ISNUMBER(SEARCH(", "&$B3&", ", ", "&INDEX('Form Responses'!$I$1:$Q$200,17,$A3)&", ")),ISNUMBER(SEARCH(", "&$B3&", ", ", "&INDEX('Form Responses'!$R$1:$R$200,17)&", "))),1,"")) | T3: =IF(Wizards!$A$18="","",IF(OR(ISNUMBER(SEARCH(", "&$B3&", ", ", "&INDEX('Form Responses'!$I$1:$Q$200,18,$A3)&", ")),ISNUMBER(SEARCH(", "&$B3&", ", ", "&INDEX('Form Responses'!$R$1:$R$200,18)&", "))),1,"")) | U3: =IF(Wizards!$A$19="","",IF(OR(ISNUMBER(SEARCH(", "&$B3&", ", ", "&INDEX('Form Responses'!$I$1:$Q$200,19,$A3)&", ")),ISNUMBER(SEARCH(", "&$B3&", ", ", "&INDEX('Form Responses'!$R$1:$R$200,19)&", "))),1,"")) | V3: =IF(Wizards!$A$20="","",IF(OR(ISNUMBER(SEARCH(", "&$B3&", ", ", "&INDEX('Form Responses'!$I$1:$Q$200,20,$A3)&", ")),ISNUMBER(SEARCH(", "&$B3&", ", ", "&INDEX('Form Responses'!$R$1:$R$200,20)&", "))),1,"")) | W3: =IF(Wizards!$A$21="","",IF(OR(ISNUMBER(SEARCH(", "&$B3&", ", ", "&INDEX('Form Responses'!$I$1:$Q$200,21,$A3)&", ")),ISNUMBER(SEARCH(", "&$B3&", ", ", "&INDEX('Form Responses'!$R$1:$R$200,21)&", "))),1,"")) | X3: =IF(Wizards!$A$22="","",IF(OR(ISNUMBER(SEARCH(", "&$B3&", ", ", "&INDEX('Form Responses'!$I$1:$Q$200,22,$A3)&", ")),ISNUMBER(SEARCH(", "&$B3&", ", ", "&INDEX('Form Responses'!$R$1:$R$200,22)&", "))),1,"")) | Y3: =IF(Wizards!$A$23="","",IF(OR(ISNUMBER(SEARCH(", "&$B3&", ", ", "&INDEX('Form Responses'!$I$1:$Q$200,23,$A3)&", ")),ISNUMBER(SEARCH(", "&$B3&", ", ", "&INDEX('Form Responses'!$R$1:$R$200,23)&", "))),1,"")) | Z3: =IF(Wizards!$A$24="","",IF(OR(ISNUMBER(SEARCH(", "&$B3&", ", ", "&INDEX('Form Responses'!$I$1:$Q$200,24,$A3)&", ")),ISNUMBER(SEARCH(", "&$B3&", ", ", "&INDEX('Form Responses'!$R$1:$R$200,24)&", "))),1,"")) | AA3: =IF(Wizards!$A$25="","",IF(OR(ISNUMBER(SEARCH(", "&$B3&", ", ", "&INDEX('Form Responses'!$I$1:$Q$200,25,$A3)&", ")),ISNUMBER(SEARCH(", "&$B3&", ", ", "&INDEX('Form Responses'!$R$1:$R$200,25)&", "))),1,"")) | AB3: =IF(D3=1,", "&D$1,"") | AC3: =IF(E3=1,", "&E$1,"") | AD3: =IF(F3=1,", "&F$1,"") | AE3: =IF(G3=1,", "&G$1,"") | AF3: =IF(H3=1,", "&H$1,"") | AG3: =IF(I3=1,", "&I$1,"") | AH3: =IF(J3=1,", "&J$1,"") | AI3: =IF(K3=1,", "&K$1,"") | ... AY3: =IF(AA3=1,", "&AA$1,"") | AZ3: =MID($AB3&$AC3&$AD3&$AE3&$AF3&$AG3&$AH3&$AI3&$AJ3&$AK3&$AL3&$AM3&$AN3&$AO3&$AP3&$AQ3&$AR3&$AS3&$AT3&$AU3&$AV3&$AW3&$AX3&$AY3,3,32767) | BA3: =COUNT($D3:$AA3)
A4: 1 | B4: Burning Hands | C4: Evocation | D4: =IF(Wizards!$A$2="","",IF(OR(ISNUMBER(SEARCH(", "&$B4&", ", ", "&INDEX('Form Responses'!$I$1:$Q$200,2,$A4)&", ")),ISNUMBER(SEARCH(", "&$B4&", ", ", "&INDEX('Form Responses'!$R$1:$R$200,2)&", "))),1,"")) | E4: =IF(Wizards!$A$3="","",IF(OR(ISNUMBER(SEARCH(", "&$B4&", ", ", "&INDEX('Form Responses'!$I$1:$Q$200,3,$A4)&", ")),ISNUMBER(SEARCH(", "&$B4&", ", ", "&INDEX('Form Responses'!$R$1:$R$200,3)&", "))),1,"")) | F4: =IF(Wizards!$A$4="","",IF(OR(ISNUMBER(SEARCH(", "&$B4&", ", ", "&INDEX('Form Responses'!$I$1:$Q$200,4,$A4)&", ")),ISNUMBER(SEARCH(", "&$B4&", ", ", "&INDEX('Form Responses'!$R$1:$R$200,4)&", "))),1,"")) | G4: =IF(Wizards!$A$5="","",IF(OR(ISNUMBER(SEARCH(", "&$B4&", ", ", "&INDEX('Form Responses'!$I$1:$Q$200,5,$A4)&", ")),ISNUMBER(SEARCH(", "&$B4&", ", ", "&INDEX('Form Responses'!$R$1:$R$200,5)&", "))),1,"")) | H4: =IF(Wizards!$A$6="","",IF(OR(ISNUMBER(SEARCH(", "&$B4&", ", ", "&INDEX('Form Responses'!$I$1:$Q$200,6,$A4)&", ")),ISNUMBER(SEARCH(", "&$B4&", ", ", "&INDEX('Form Responses'!$R$1:$R$200,6)&", "))),1,"")) | I4: =IF(Wizards!$A$7="","",IF(OR(ISNUMBER(SEARCH(", "&$B4&", ", ", "&INDEX('Form Responses'!$I$1:$Q$200,7,$A4)&", ")),ISNUMBER(SEARCH(", "&$B4&", ", ", "&INDEX('Form Responses'!$R$1:$R$200,7)&", "))),1,"")) | J4: =IF(Wizards!$A$8="","",IF(OR(ISNUMBER(SEARCH(", "&$B4&", ", ", "&INDEX('Form Responses'!$I$1:$Q$200,8,$A4)&", ")),ISNUMBER(SEARCH(", "&$B4&", ", ", "&INDEX('Form Responses'!$R$1:$R$200,8)&", "))),1,"")) | K4: =IF(Wizards!$A$9="","",IF(OR(ISNUMBER(SEARCH(", "&$B4&", ", ", "&INDEX('Form Responses'!$I$1:$Q$200,9,$A4)&", ")),ISNUMBER(SEARCH(", "&$B4&", ", ", "&INDEX('Form Responses'!$R$1:$R$200,9)&", "))),1,"")) | L4: =IF(Wizards!$A$10="","",IF(OR(ISNUMBER(SEARCH(", "&$B4&", ", ", "&INDEX('Form Responses'!$I$1:$Q$200,10,$A4)&", ")),ISNUMBER(SEARCH(", "&$B4&", ", ", "&INDEX('Form Responses'!$R$1:$R$200,10)&", "))),1,"")) | M4: =IF(Wizards!$A$11="","",IF(OR(ISNUMBER(SEARCH(", "&$B4&", ", ", "&INDEX('Form Responses'!$I$1:$Q$200,11,$A4)&", ")),ISNUMBER(SEARCH(", "&$B4&", ", ", "&INDEX('Form Responses'!$R$1:$R$200,11)&", "))),1,"")) | N4: =IF(Wizards!$A$12="","",IF(OR(ISNUMBER(SEARCH(", "&$B4&", ", ", "&INDEX('Form Responses'!$I$1:$Q$200,12,$A4)&", ")),ISNUMBER(SEARCH(", "&$B4&", ", ", "&INDEX('Form Responses'!$R$1:$R$200,12)&", "))),1,"")) | O4: =IF(Wizards!$A$13="","",IF(OR(ISNUMBER(SEARCH(", "&$B4&", ", ", "&INDEX('Form Responses'!$I$1:$Q$200,13,$A4)&", ")),ISNUMBER(SEARCH(", "&$B4&", ", ", "&INDEX('Form Responses'!$R$1:$R$200,13)&", "))),1,"")) | P4: =IF(Wizards!$A$14="","",IF(OR(ISNUMBER(SEARCH(", "&$B4&", ", ", "&INDEX('Form Responses'!$I$1:$Q$200,14,$A4)&", ")),ISNUMBER(SEARCH(", "&$B4&", ", ", "&INDEX('Form Responses'!$R$1:$R$200,14)&", "))),1,"")) | Q4: =IF(Wizards!$A$15="","",IF(OR(ISNUMBER(SEARCH(", "&$B4&", ", ", "&INDEX('Form Responses'!$I$1:$Q$200,15,$A4)&", ")),ISNUMBER(SEARCH(", "&$B4&", ", ", "&INDEX('Form Responses'!$R$1:$R$200,15)&", "))),1,"")) | R4: =IF(Wizards!$A$16="","",IF(OR(ISNUMBER(SEARCH(", "&$B4&", ", ", "&INDEX('Form Responses'!$I$1:$Q$200,16,$A4)&", ")),ISNUMBER(SEARCH(", "&$B4&", ", ", "&INDEX('Form Responses'!$R$1:$R$200,16)&", "))),1,"")) | S4: =IF(Wizards!$A$17="","",IF(OR(ISNUMBER(SEARCH(", "&$B4&", ", ", "&INDEX('Form Responses'!$I$1:$Q$200,17,$A4)&", ")),ISNUMBER(SEARCH(", "&$B4&", ", ", "&INDEX('Form Responses'!$R$1:$R$200,17)&", "))),1,"")) | T4: =IF(Wizards!$A$18="","",IF(OR(ISNUMBER(SEARCH(", "&$B4&", ", ", "&INDEX('Form Responses'!$I$1:$Q$200,18,$A4)&", ")),ISNUMBER(SEARCH(", "&$B4&", ", ", "&INDEX('Form Responses'!$R$1:$R$200,18)&", "))),1,"")) | U4: =IF(Wizards!$A$19="","",IF(OR(ISNUMBER(SEARCH(", "&$B4&", ", ", "&INDEX('Form Responses'!$I$1:$Q$200,19,$A4)&", ")),ISNUMBER(SEARCH(", "&$B4&", ", ", "&INDEX('Form Responses'!$R$1:$R$200,19)&", "))),1,"")) | V4: =IF(Wizards!$A$20="","",IF(OR(ISNUMBER(SEARCH(", "&$B4&", ", ", "&INDEX('Form Responses'!$I$1:$Q$200,20,$A4)&", ")),ISNUMBER(SEARCH(", "&$B4&", ", ", "&INDEX('Form Responses'!$R$1:$R$200,20)&", "))),1,"")) | W4: =IF(Wizards!$A$21="","",IF(OR(ISNUMBER(SEARCH(", "&$B4&", ", ", "&INDEX('Form Responses'!$I$1:$Q$200,21,$A4)&", ")),ISNUMBER(SEARCH(", "&$B4&", ", ", "&INDEX('Form Responses'!$R$1:$R$200,21)&", "))),1,"")) | X4: =IF(Wizards!$A$22="","",IF(OR(ISNUMBER(SEARCH(", "&$B4&", ", ", "&INDEX('Form Responses'!$I$1:$Q$200,22,$A4)&", ")),ISNUMBER(SEARCH(", "&$B4&", ", ", "&INDEX('Form Responses'!$R$1:$R$200,22)&", "))),1,"")) | Y4: =IF(Wizards!$A$23="","",IF(OR(ISNUMBER(SEARCH(", "&$B4&", ", ", "&INDEX('Form Responses'!$I$1:$Q$200,23,$A4)&", ")),ISNUMBER(SEARCH(", "&$B4&", ", ", "&INDEX('Form Responses'!$R$1:$R$200,23)&", "))),1,"")) | Z4: =IF(Wizards!$A$24="","",IF(OR(ISNUMBER(SEARCH(", "&$B4&", ", ", "&INDEX('Form Responses'!$I$1:$Q$200,24,$A4)&", ")),ISNUMBER(SEARCH(", "&$B4&", ", ", "&INDEX('Form Responses'!$R$1:$R$200,24)&", "))),1,"")) | AA4: =IF(Wizards!$A$25="","",IF(OR(ISNUMBER(SEARCH(", "&$B4&", ", ", "&INDEX('Form Responses'!$I$1:$Q$200,25,$A4)&", ")),ISNUMBER(SEARCH(", "&$B4&", ", ", "&INDEX('Form Responses'!$R$1:$R$200,25)&", "))),1,"")) | AB4: =IF(D4=1,", "&D$1,"") | AC4: =IF(E4=1,", "&E$1,"") | AD4: =IF(F4=1,", "&F$1,"") | AE4: =IF(G4=1,", "&G$1,"") | AF4: =IF(H4=1,", "&H$1,"") | AG4: =IF(I4=1,", "&I$1,"") | AH4: =IF(J4=1,", "&J$1,"") | AI4: =IF(K4=1,", "&K$1,"") | ... AY4: =IF(AA4=1,", "&AA$1,"") | AZ4: =MID($AB4&$AC4&$AD4&$AE4&$AF4&$AG4&$AH4&$AI4&$AJ4&$AK4&$AL4&$AM4&$AN4&$AO4&$AP4&$AQ4&$AR4&$AS4&$AT4&$AU4&$AV4&$AW4&$AX4&$AY4,3,32767) | BA4: =COUNT($D4:$AA4)
A5: 1 | B5: Catapult | C5: Transmutation | D5: =IF(Wizards!$A$2="","",IF(OR(ISNUMBER(SEARCH(", "&$B5&", ", ", "&INDEX('Form Responses'!$I$1:$Q$200,2,$A5)&", ")),ISNUMBER(SEARCH(", "&$B5&", ", ", "&INDEX('Form Responses'!$R$1:$R$200,2)&", "))),1,"")) | E5: =IF(Wizards!$A$3="","",IF(OR(ISNUMBER(SEARCH(", "&$B5&", ", ", "&INDEX('Form Responses'!$I$1:$Q$200,3,$A5)&", ")),ISNUMBER(SEARCH(", "&$B5&", ", ", "&INDEX('Form Responses'!$R$1:$R$200,3)&", "))),1,"")) | F5: =IF(Wizards!$A$4="","",IF(OR(ISNUMBER(SEARCH(", "&$B5&", ", ", "&INDEX('Form Responses'!$I$1:$Q$200,4,$A5)&", ")),ISNUMBER(SEARCH(", "&$B5&", ", ", "&INDEX('Form Responses'!$R$1:$R$200,4)&", "))),1,"")) | G5: =IF(Wizards!$A$5="","",IF(OR(ISNUMBER(SEARCH(", "&$B5&", ", ", "&INDEX('Form Responses'!$I$1:$Q$200,5,$A5)&", ")),ISNUMBER(SEARCH(", "&$B5&", ", ", "&INDEX('Form Responses'!$R$1:$R$200,5)&", "))),1,"")) | H5: =IF(Wizards!$A$6="","",IF(OR(ISNUMBER(SEARCH(", "&$B5&", ", ", "&INDEX('Form Responses'!$I$1:$Q$200,6,$A5)&", ")),ISNUMBER(SEARCH(", "&$B5&", ", ", "&INDEX('Form Responses'!$R$1:$R$200,6)&", "))),1,"")) | I5: =IF(Wizards!$A$7="","",IF(OR(ISNUMBER(SEARCH(", "&$B5&", ", ", "&INDEX('Form Responses'!$I$1:$Q$200,7,$A5)&", ")),ISNUMBER(SEARCH(", "&$B5&", ", ", "&INDEX('Form Responses'!$R$1:$R$200,7)&", "))),1,"")) | J5: =IF(Wizards!$A$8="","",IF(OR(ISNUMBER(SEARCH(", "&$B5&", ", ", "&INDEX('Form Responses'!$I$1:$Q$200,8,$A5)&", ")),ISNUMBER(SEARCH(", "&$B5&", ", ", "&INDEX('Form Responses'!$R$1:$R$200,8)&", "))),1,"")) | K5: =IF(Wizards!$A$9="","",IF(OR(ISNUMBER(SEARCH(", "&$B5&", ", ", "&INDEX('Form Responses'!$I$1:$Q$200,9,$A5)&", ")),ISNUMBER(SEARCH(", "&$B5&", ", ", "&INDEX('Form Responses'!$R$1:$R$200,9)&", "))),1,"")) | L5: =IF(Wizards!$A$10="","",IF(OR(ISNUMBER(SEARCH(", "&$B5&", ", ", "&INDEX('Form Responses'!$I$1:$Q$200,10,$A5)&", ")),ISNUMBER(SEARCH(", "&$B5&", ", ", "&INDEX('Form Responses'!$R$1:$R$200,10)&", "))),1,"")) | M5: =IF(Wizards!$A$11="","",IF(OR(ISNUMBER(SEARCH(", "&$B5&", ", ", "&INDEX('Form Responses'!$I$1:$Q$200,11,$A5)&", ")),ISNUMBER(SEARCH(", "&$B5&", ", ", "&INDEX('Form Responses'!$R$1:$R$200,11)&", "))),1,"")) | N5: =IF(Wizards!$A$12="","",IF(OR(ISNUMBER(SEARCH(", "&$B5&", ", ", "&INDEX('Form Responses'!$I$1:$Q$200,12,$A5)&", ")),ISNUMBER(SEARCH(", "&$B5&", ", ", "&INDEX('Form Responses'!$R$1:$R$200,12)&", "))),1,"")) | O5: =IF(Wizards!$A$13="","",IF(OR(ISNUMBER(SEARCH(", "&$B5&", ", ", "&INDEX('Form Responses'!$I$1:$Q$200,13,$A5)&", ")),ISNUMBER(SEARCH(", "&$B5&", ", ", "&INDEX('Form Responses'!$R$1:$R$200,13)&", "))),1,"")) | P5: =IF(Wizards!$A$14="","",IF(OR(ISNUMBER(SEARCH(", "&$B5&", ", ", "&INDEX('Form Responses'!$I$1:$Q$200,14,$A5)&", ")),ISNUMBER(SEARCH(", "&$B5&", ", ", "&INDEX('Form Responses'!$R$1:$R$200,14)&", "))),1,"")) | Q5: =IF(Wizards!$A$15="","",IF(OR(ISNUMBER(SEARCH(", "&$B5&", ", ", "&INDEX('Form Responses'!$I$1:$Q$200,15,$A5)&", ")),ISNUMBER(SEARCH(", "&$B5&", ", ", "&INDEX('Form Responses'!$R$1:$R$200,15)&", "))),1,"")) | R5: =IF(Wizards!$A$16="","",IF(OR(ISNUMBER(SEARCH(", "&$B5&", ", ", "&INDEX('Form Responses'!$I$1:$Q$200,16,$A5)&", ")),ISNUMBER(SEARCH(", "&$B5&", ", ", "&INDEX('Form Responses'!$R$1:$R$200,16)&", "))),1,"")) | S5: =IF(Wizards!$A$17="","",IF(OR(ISNUMBER(SEARCH(", "&$B5&", ", ", "&INDEX('Form Responses'!$I$1:$Q$200,17,$A5)&", ")),ISNUMBER(SEARCH(", "&$B5&", ", ", "&INDEX('Form Responses'!$R$1:$R$200,17)&", "))),1,"")) | T5: =IF(Wizards!$A$18="","",IF(OR(ISNUMBER(SEARCH(", "&$B5&", ", ", "&INDEX('Form Responses'!$I$1:$Q$200,18,$A5)&", ")),ISNUMBER(SEARCH(", "&$B5&", ", ", "&INDEX('Form Responses'!$R$1:$R$200,18)&", "))),1,"")) | U5: =IF(Wizards!$A$19="","",IF(OR(ISNUMBER(SEARCH(", "&$B5&", ", ", "&INDEX('Form Responses'!$I$1:$Q$200,19,$A5)&", ")),ISNUMBER(SEARCH(", "&$B5&", ", ", "&INDEX('Form Responses'!$R$1:$R$200,19)&", "))),1,"")) | V5: =IF(Wizards!$A$20="","",IF(OR(ISNUMBER(SEARCH(", "&$B5&", ", ", "&INDEX('Form Responses'!$I$1:$Q$200,20,$A5)&", ")),ISNUMBER(SEARCH(", "&$B5&", ", ", "&INDEX('Form Responses'!$R$1:$R$200,20)&", "))),1,"")) | W5: =IF(Wizards!$A$21="","",IF(OR(ISNUMBER(SEARCH(", "&$B5&", ", ", "&INDEX('Form Responses'!$I$1:$Q$200,21,$A5)&", ")),ISNUMBER(SEARCH(", "&$B5&", ", ", "&INDEX('Form Responses'!$R$1:$R$200,21)&", "))),1,"")) | X5: =IF(Wizards!$A$22="","",IF(OR(ISNUMBER(SEARCH(", "&$B5&", ", ", "&INDEX('Form Responses'!$I$1:$Q$200,22,$A5)&", ")),ISNUMBER(SEARCH(", "&$B5&", ", ", "&INDEX('Form Responses'!$R$1:$R$200,22)&", "))),1,"")) | Y5: =IF(Wizards!$A$23="","",IF(OR(ISNUMBER(SEARCH(", "&$B5&", ", ", "&INDEX('Form Responses'!$I$1:$Q$200,23,$A5)&", ")),ISNUMBER(SEARCH(", "&$B5&", ", ", "&INDEX('Form Responses'!$R$1:$R$200,23)&", "))),1,"")) | Z5: =IF(Wizards!$A$24="","",IF(OR(ISNUMBER(SEARCH(", "&$B5&", ", ", "&INDEX('Form Responses'!$I$1:$Q$200,24,$A5)&", ")),ISNUMBER(SEARCH(", "&$B5&", ", ", "&INDEX('Form Responses'!$R$1:$R$200,24)&", "))),1,"")) | AA5: =IF(Wizards!$A$25="","",IF(OR(ISNUMBER(SEARCH(", "&$B5&", ", ", "&INDEX('Form Responses'!$I$1:$Q$200,25,$A5)&", ")),ISNUMBER(SEARCH(", "&$B5&", ", ", "&INDEX('Form Responses'!$R$1:$R$200,25)&", "))),1,"")) | AB5: =IF(D5=1,", "&D$1,"") | AC5: =IF(E5=1,", "&E$1,"") | AD5: =IF(F5=1,", "&F$1,"") | AE5: =IF(G5=1,", "&G$1,"") | AF5: =IF(H5=1,", "&H$1,"") | AG5: =IF(I5=1,", "&I$1,"") | AH5: =IF(J5=1,", "&J$1,"") | AI5: =IF(K5=1,", "&K$1,"") | ... AY5: =IF(AA5=1,", "&AA$1,"") | AZ5: =MID($AB5&$AC5&$AD5&$AE5&$AF5&$AG5&$AH5&$AI5&$AJ5&$AK5&$AL5&$AM5&$AN5&$AO5&$AP5&$AQ5&$AR5&$AS5&$AT5&$AU5&$AV5&$AW5&$AX5&$AY5,3,32767) | BA5: =COUNT($D5:$AA5)
A6: 1 | B6: Cause Fear | C6: Necromancy | D6: =IF(Wizards!$A$2="","",IF(OR(ISNUMBER(SEARCH(", "&$B6&", ", ", "&INDEX('Form Responses'!$I$1:$Q$200,2,$A6)&", ")),ISNUMBER(SEARCH(", "&$B6&", ", ", "&INDEX('Form Responses'!$R$1:$R$200,2)&", "))),1,"")) | E6: =IF(Wizards!$A$3="","",IF(OR(ISNUMBER(SEARCH(", "&$B6&", ", ", "&INDEX('Form Responses'!$I$1:$Q$200,3,$A6)&", ")),ISNUMBER(SEARCH(", "&$B6&", ", ", "&INDEX('Form Responses'!$R$1:$R$200,3)&", "))),1,"")) | F6: =IF(Wizards!$A$4="","",IF(OR(ISNUMBER(SEARCH(", "&$B6&", ", ", "&INDEX('Form Responses'!$I$1:$Q$200,4,$A6)&", ")),ISNUMBER(SEARCH(", "&$B6&", ", ", "&INDEX('Form Responses'!$R$1:$R$200,4)&", "))),1,"")) | G6: =IF(Wizards!$A$5="","",IF(OR(ISNUMBER(SEARCH(", "&$B6&", ", ", "&INDEX('Form Responses'!$I$1:$Q$200,5,$A6)&", ")),ISNUMBER(SEARCH(", "&$B6&", ", ", "&INDEX('Form Responses'!$R$1:$R$200,5)&", "))),1,"")) | H6: =IF(Wizards!$A$6="","",IF(OR(ISNUMBER(SEARCH(", "&$B6&", ", ", "&INDEX('Form Responses'!$I$1:$Q$200,6,$A6)&", ")),ISNUMBER(SEARCH(", "&$B6&", ", ", "&INDEX('Form Responses'!$R$1:$R$200,6)&", "))),1,"")) | I6: =IF(Wizards!$A$7="","",IF(OR(ISNUMBER(SEARCH(", "&$B6&", ", ", "&INDEX('Form Responses'!$I$1:$Q$200,7,$A6)&", ")),ISNUMBER(SEARCH(", "&$B6&", ", ", "&INDEX('Form Responses'!$R$1:$R$200,7)&", "))),1,"")) | J6: =IF(Wizards!$A$8="","",IF(OR(ISNUMBER(SEARCH(", "&$B6&", ", ", "&INDEX('Form Responses'!$I$1:$Q$200,8,$A6)&", ")),ISNUMBER(SEARCH(", "&$B6&", ", ", "&INDEX('Form Responses'!$R$1:$R$200,8)&", "))),1,"")) | K6: =IF(Wizards!$A$9="","",IF(OR(ISNUMBER(SEARCH(", "&$B6&", ", ", "&INDEX('Form Responses'!$I$1:$Q$200,9,$A6)&", ")),ISNUMBER(SEARCH(", "&$B6&", ", ", "&INDEX('Form Responses'!$R$1:$R$200,9)&", "))),1,"")) | L6: =IF(Wizards!$A$10="","",IF(OR(ISNUMBER(SEARCH(", "&$B6&", ", ", "&INDEX('Form Responses'!$I$1:$Q$200,10,$A6)&", ")),ISNUMBER(SEARCH(", "&$B6&", ", ", "&INDEX('Form Responses'!$R$1:$R$200,10)&", "))),1,"")) | M6: =IF(Wizards!$A$11="","",IF(OR(ISNUMBER(SEARCH(", "&$B6&", ", ", "&INDEX('Form Responses'!$I$1:$Q$200,11,$A6)&", ")),ISNUMBER(SEARCH(", "&$B6&", ", ", "&INDEX('Form Responses'!$R$1:$R$200,11)&", "))),1,"")) | N6: =IF(Wizards!$A$12="","",IF(OR(ISNUMBER(SEARCH(", "&$B6&", ", ", "&INDEX('Form Responses'!$I$1:$Q$200,12,$A6)&", ")),ISNUMBER(SEARCH(", "&$B6&", ", ", "&INDEX('Form Responses'!$R$1:$R$200,12)&", "))),1,"")) | O6: =IF(Wizards!$A$13="","",IF(OR(ISNUMBER(SEARCH(", "&$B6&", ", ", "&INDEX('Form Responses'!$I$1:$Q$200,13,$A6)&", ")),ISNUMBER(SEARCH(", "&$B6&", ", ", "&INDEX('Form Responses'!$R$1:$R$200,13)&", "))),1,"")) | P6: =IF(Wizards!$A$14="","",IF(OR(ISNUMBER(SEARCH(", "&$B6&", ", ", "&INDEX('Form Responses'!$I$1:$Q$200,14,$A6)&", ")),ISNUMBER(SEARCH(", "&$B6&", ", ", "&INDEX('Form Responses'!$R$1:$R$200,14)&", "))),1,"")) | Q6: =IF(Wizards!$A$15="","",IF(OR(ISNUMBER(SEARCH(", "&$B6&", ", ", "&INDEX('Form Responses'!$I$1:$Q$200,15,$A6)&", ")),ISNUMBER(SEARCH(", "&$B6&", ", ", "&INDEX('Form Responses'!$R$1:$R$200,15)&", "))),1,"")) | R6: =IF(Wizards!$A$16="","",IF(OR(ISNUMBER(SEARCH(", "&$B6&", ", ", "&INDEX('Form Responses'!$I$1:$Q$200,16,$A6)&", ")),ISNUMBER(SEARCH(", "&$B6&", ", ", "&INDEX('Form Responses'!$R$1:$R$200,16)&", "))),1,"")) | S6: =IF(Wizards!$A$17="","",IF(OR(ISNUMBER(SEARCH(", "&$B6&", ", ", "&INDEX('Form Responses'!$I$1:$Q$200,17,$A6)&", ")),ISNUMBER(SEARCH(", "&$B6&", ", ", "&INDEX('Form Responses'!$R$1:$R$200,17)&", "))),1,"")) | T6: =IF(Wizards!$A$18="","",IF(OR(ISNUMBER(SEARCH(", "&$B6&", ", ", "&INDEX('Form Responses'!$I$1:$Q$200,18,$A6)&", ")),ISNUMBER(SEARCH(", "&$B6&", ", ", "&INDEX('Form Responses'!$R$1:$R$200,18)&", "))),1,"")) | U6: =IF(Wizards!$A$19="","",IF(OR(ISNUMBER(SEARCH(", "&$B6&", ", ", "&INDEX('Form Responses'!$I$1:$Q$200,19,$A6)&", ")),ISNUMBER(SEARCH(", "&$B6&", ", ", "&INDEX('Form Responses'!$R$1:$R$200,19)&", "))),1,"")) | V6: =IF(Wizards!$A$20="","",IF(OR(ISNUMBER(SEARCH(", "&$B6&", ", ", "&INDEX('Form Responses'!$I$1:$Q$200,20,$A6)&", ")),ISNUMBER(SEARCH(", "&$B6&", ", ", "&INDEX('Form Responses'!$R$1:$R$200,20)&", "))),1,"")) | W6: =IF(Wizards!$A$21="","",IF(OR(ISNUMBER(SEARCH(", "&$B6&", ", ", "&INDEX('Form Responses'!$I$1:$Q$200,21,$A6)&", ")),ISNUMBER(SEARCH(", "&$B6&", ", ", "&INDEX('Form Responses'!$R$1:$R$200,21)&", "))),1,"")) | X6: =IF(Wizards!$A$22="","",IF(OR(ISNUMBER(SEARCH(", "&$B6&", ", ", "&INDEX('Form Responses'!$I$1:$Q$200,22,$A6)&", ")),ISNUMBER(SEARCH(", "&$B6&", ", ", "&INDEX('Form Responses'!$R$1:$R$200,22)&", "))),1,"")) | Y6: =IF(Wizards!$A$23="","",IF(OR(ISNUMBER(SEARCH(", "&$B6&", ", ", "&INDEX('Form Responses'!$I$1:$Q$200,23,$A6)&", ")),ISNUMBER(SEARCH(", "&$B6&", ", ", "&INDEX('Form Responses'!$R$1:$R$200,23)&", "))),1,"")) | Z6: =IF(Wizards!$A$24="","",IF(OR(ISNUMBER(SEARCH(", "&$B6&", ", ", "&INDEX('Form Responses'!$I$1:$Q$200,24,$A6)&", ")),ISNUMBER(SEARCH(", "&$B6&", ", ", "&INDEX('Form Responses'!$R$1:$R$200,24)&", "))),1,"")) | AA6: =IF(Wizards!$A$25="","",IF(OR(ISNUMBER(SEARCH(", "&$B6&", ", ", "&INDEX('Form Responses'!$I$1:$Q$200,25,$A6)&", ")),ISNUMBER(SEARCH(", "&$B6&", ", ", "&INDEX('Form Responses'!$R$1:$R$200,25)&", "))),1,"")) | AB6: =IF(D6=1,", "&D$1,"") | AC6: =IF(E6=1,", "&E$1,"") | AD6: =IF(F6=1,", "&F$1,"") | AE6: =IF(G6=1,", "&G$1,"") | AF6: =IF(H6=1,", "&H$1,"") | AG6: =IF(I6=1,", "&I$1,"") | AH6: =IF(J6=1,", "&J$1,"") | AI6: =IF(K6=1,", "&K$1,"") | ... AY6: =IF(AA6=1,", "&AA$1,"") | AZ6: =MID($AB6&$AC6&$AD6&$AE6&$AF6&$AG6&$AH6&$AI6&$AJ6&$AK6&$AL6&$AM6&$AN6&$AO6&$AP6&$AQ6&$AR6&$AS6&$AT6&$AU6&$AV6&$AW6&$AX6&$AY6,3,32767) | BA6: =COUNT($D6:$AA6)
A7: 1 | B7: Charm Person | C7: Enchantment | D7: =IF(Wizards!$A$2="","",IF(OR(ISNUMBER(SEARCH(", "&$B7&", ", ", "&INDEX('Form Responses'!$I$1:$Q$200,2,$A7)&", ")),ISNUMBER(SEARCH(", "&$B7&", ", ", "&INDEX('Form Responses'!$R$1:$R$200,2)&", "))),1,"")) | E7: =IF(Wizards!$A$3="","",IF(OR(ISNUMBER(SEARCH(", "&$B7&", ", ", "&INDEX('Form Responses'!$I$1:$Q$200,3,$A7)&", ")),ISNUMBER(SEARCH(", "&$B7&", ", ", "&INDEX('Form Responses'!$R$1:$R$200,3)&", "))),1,"")) | F7: =IF(Wizards!$A$4="","",IF(OR(ISNUMBER(SEARCH(", "&$B7&", ", ", "&INDEX('Form Responses'!$I$1:$Q$200,4,$A7)&", ")),ISNUMBER(SEARCH(", "&$B7&", ", ", "&INDEX('Form Responses'!$R$1:$R$200,4)&", "))),1,"")) | G7: =IF(Wizards!$A$5="","",IF(OR(ISNUMBER(SEARCH(", "&$B7&", ", ", "&INDEX('Form Responses'!$I$1:$Q$200,5,$A7)&", ")),ISNUMBER(SEARCH(", "&$B7&", ", ", "&INDEX('Form Responses'!$R$1:$R$200,5)&", "))),1,"")) | H7: =IF(Wizards!$A$6="","",IF(OR(ISNUMBER(SEARCH(", "&$B7&", ", ", "&INDEX('Form Responses'!$I$1:$Q$200,6,$A7)&", ")),ISNUMBER(SEARCH(", "&$B7&", ", ", "&INDEX('Form Responses'!$R$1:$R$200,6)&", "))),1,"")) | I7: =IF(Wizards!$A$7="","",IF(OR(ISNUMBER(SEARCH(", "&$B7&", ", ", "&INDEX('Form Responses'!$I$1:$Q$200,7,$A7)&", ")),ISNUMBER(SEARCH(", "&$B7&", ", ", "&INDEX('Form Responses'!$R$1:$R$200,7)&", "))),1,"")) | J7: =IF(Wizards!$A$8="","",IF(OR(ISNUMBER(SEARCH(", "&$B7&", ", ", "&INDEX('Form Responses'!$I$1:$Q$200,8,$A7)&", ")),ISNUMBER(SEARCH(", "&$B7&", ", ", "&INDEX('Form Responses'!$R$1:$R$200,8)&", "))),1,"")) | K7: =IF(Wizards!$A$9="","",IF(OR(ISNUMBER(SEARCH(", "&$B7&", ", ", "&INDEX('Form Responses'!$I$1:$Q$200,9,$A7)&", ")),ISNUMBER(SEARCH(", "&$B7&", ", ", "&INDEX('Form Responses'!$R$1:$R$200,9)&", "))),1,"")) | L7: =IF(Wizards!$A$10="","",IF(OR(ISNUMBER(SEARCH(", "&$B7&", ", ", "&INDEX('Form Responses'!$I$1:$Q$200,10,$A7)&", ")),ISNUMBER(SEARCH(", "&$B7&", ", ", "&INDEX('Form Responses'!$R$1:$R$200,10)&", "))),1,"")) | M7: =IF(Wizards!$A$11="","",IF(OR(ISNUMBER(SEARCH(", "&$B7&", ", ", "&INDEX('Form Responses'!$I$1:$Q$200,11,$A7)&", ")),ISNUMBER(SEARCH(", "&$B7&", ", ", "&INDEX('Form Responses'!$R$1:$R$200,11)&", "))),1,"")) | N7: =IF(Wizards!$A$12="","",IF(OR(ISNUMBER(SEARCH(", "&$B7&", ", ", "&INDEX('Form Responses'!$I$1:$Q$200,12,$A7)&", ")),ISNUMBER(SEARCH(", "&$B7&", ", ", "&INDEX('Form Responses'!$R$1:$R$200,12)&", "))),1,"")) | O7: =IF(Wizards!$A$13="","",IF(OR(ISNUMBER(SEARCH(", "&$B7&", ", ", "&INDEX('Form Responses'!$I$1:$Q$200,13,$A7)&", ")),ISNUMBER(SEARCH(", "&$B7&", ", ", "&INDEX('Form Responses'!$R$1:$R$200,13)&", "))),1,"")) | P7: =IF(Wizards!$A$14="","",IF(OR(ISNUMBER(SEARCH(", "&$B7&", ", ", "&INDEX('Form Responses'!$I$1:$Q$200,14,$A7)&", ")),ISNUMBER(SEARCH(", "&$B7&", ", ", "&INDEX('Form Responses'!$R$1:$R$200,14)&", "))),1,"")) | Q7: =IF(Wizards!$A$15="","",IF(OR(ISNUMBER(SEARCH(", "&$B7&", ", ", "&INDEX('Form Responses'!$I$1:$Q$200,15,$A7)&", ")),ISNUMBER(SEARCH(", "&$B7&", ", ", "&INDEX('Form Responses'!$R$1:$R$200,15)&", "))),1,"")) | R7: =IF(Wizards!$A$16="","",IF(OR(ISNUMBER(SEARCH(", "&$B7&", ", ", "&INDEX('Form Responses'!$I$1:$Q$200,16,$A7)&", ")),ISNUMBER(SEARCH(", "&$B7&", ", ", "&INDEX('Form Responses'!$R$1:$R$200,16)&", "))),1,"")) | S7: =IF(Wizards!$A$17="","",IF(OR(ISNUMBER(SEARCH(", "&$B7&", ", ", "&INDEX('Form Responses'!$I$1:$Q$200,17,$A7)&", ")),ISNUMBER(SEARCH(", "&$B7&", ", ", "&INDEX('Form Responses'!$R$1:$R$200,17)&", "))),1,"")) | T7: =IF(Wizards!$A$18="","",IF(OR(ISNUMBER(SEARCH(", "&$B7&", ", ", "&INDEX('Form Responses'!$I$1:$Q$200,18,$A7)&", ")),ISNUMBER(SEARCH(", "&$B7&", ", ", "&INDEX('Form Responses'!$R$1:$R$200,18)&", "))),1,"")) | U7: =IF(Wizards!$A$19="","",IF(OR(ISNUMBER(SEARCH(", "&$B7&", ", ", "&INDEX('Form Responses'!$I$1:$Q$200,19,$A7)&", ")),ISNUMBER(SEARCH(", "&$B7&", ", ", "&INDEX('Form Responses'!$R$1:$R$200,19)&", "))),1,"")) | V7: =IF(Wizards!$A$20="","",IF(OR(ISNUMBER(SEARCH(", "&$B7&", ", ", "&INDEX('Form Responses'!$I$1:$Q$200,20,$A7)&", ")),ISNUMBER(SEARCH(", "&$B7&", ", ", "&INDEX('Form Responses'!$R$1:$R$200,20)&", "))),1,"")) | W7: =IF(Wizards!$A$21="","",IF(OR(ISNUMBER(SEARCH(", "&$B7&", ", ", "&INDEX('Form Responses'!$I$1:$Q$200,21,$A7)&", ")),ISNUMBER(SEARCH(", "&$B7&", ", ", "&INDEX('Form Responses'!$R$1:$R$200,21)&", "))),1,"")) | X7: =IF(Wizards!$A$22="","",IF(OR(ISNUMBER(SEARCH(", "&$B7&", ", ", "&INDEX('Form Responses'!$I$1:$Q$200,22,$A7)&", ")),ISNUMBER(SEARCH(", "&$B7&", ", ", "&INDEX('Form Responses'!$R$1:$R$200,22)&", "))),1,"")) | Y7: =IF(Wizards!$A$23="","",IF(OR(ISNUMBER(SEARCH(", "&$B7&", ", ", "&INDEX('Form Responses'!$I$1:$Q$200,23,$A7)&", ")),ISNUMBER(SEARCH(", "&$B7&", ", ", "&INDEX('Form Responses'!$R$1:$R$200,23)&", "))),1,"")) | Z7: =IF(Wizards!$A$24="","",IF(OR(ISNUMBER(SEARCH(", "&$B7&", ", ", "&INDEX('Form Responses'!$I$1:$Q$200,24,$A7)&", ")),ISNUMBER(SEARCH(", "&$B7&", ", ", "&INDEX('Form Responses'!$R$1:$R$200,24)&", "))),1,"")) | AA7: =IF(Wizards!$A$25="","",IF(OR(ISNUMBER(SEARCH(", "&$B7&", ", ", "&INDEX('Form Responses'!$I$1:$Q$200,25,$A7)&", ")),ISNUMBER(SEARCH(", "&$B7&", ", ", "&INDEX('Form Responses'!$R$1:$R$200,25)&", "))),1,"")) | AB7: =IF(D7=1,", "&D$1,"") | AC7: =IF(E7=1,", "&E$1,"") | AD7: =IF(F7=1,", "&F$1,"") | AE7: =IF(G7=1,", "&G$1,"") | AF7: =IF(H7=1,", "&H$1,"") | AG7: =IF(I7=1,", "&I$1,"") | AH7: =IF(J7=1,", "&J$1,"") | AI7: =IF(K7=1,", "&K$1,"") | ... AY7: =IF(AA7=1,", "&AA$1,"") | AZ7: =MID($AB7&$AC7&$AD7&$AE7&$AF7&$AG7&$AH7&$AI7&$AJ7&$AK7&$AL7&$AM7&$AN7&$AO7&$AP7&$AQ7&$AR7&$AS7&$AT7&$AU7&$AV7&$AW7&$AX7&$AY7,3,32767) | BA7: =COUNT($D7:$AA7)
A8: 1 | B8: Chromatic Orb | C8: Evocation | D8: =IF(Wizards!$A$2="","",IF(OR(ISNUMBER(SEARCH(", "&$B8&", ", ", "&INDEX('Form Responses'!$I$1:$Q$200,2,$A8)&", ")),ISNUMBER(SEARCH(", "&$B8&", ", ", "&INDEX('Form Responses'!$R$1:$R$200,2)&", "))),1,"")) | E8: =IF(Wizards!$A$3="","",IF(OR(ISNUMBER(SEARCH(", "&$B8&", ", ", "&INDEX('Form Responses'!$I$1:$Q$200,3,$A8)&", ")),ISNUMBER(SEARCH(", "&$B8&", ", ", "&INDEX('Form Responses'!$R$1:$R$200,3)&", "))),1,"")) | F8: =IF(Wizards!$A$4="","",IF(OR(ISNUMBER(SEARCH(", "&$B8&", ", ", "&INDEX('Form Responses'!$I$1:$Q$200,4,$A8)&", ")),ISNUMBER(SEARCH(", "&$B8&", ", ", "&INDEX('Form Responses'!$R$1:$R$200,4)&", "))),1,"")) | G8: =IF(Wizards!$A$5="","",IF(OR(ISNUMBER(SEARCH(", "&$B8&", ", ", "&INDEX('Form Responses'!$I$1:$Q$200,5,$A8)&", ")),ISNUMBER(SEARCH(", "&$B8&", ", ", "&INDEX('Form Responses'!$R$1:$R$200,5)&", "))),1,"")) | H8: =IF(Wizards!$A$6="","",IF(OR(ISNUMBER(SEARCH(", "&$B8&", ", ", "&INDEX('Form Responses'!$I$1:$Q$200,6,$A8)&", ")),ISNUMBER(SEARCH(", "&$B8&", ", ", "&INDEX('Form Responses'!$R$1:$R$200,6)&", "))),1,"")) | I8: =IF(Wizards!$A$7="","",IF(OR(ISNUMBER(SEARCH(", "&$B8&", ", ", "&INDEX('Form Responses'!$I$1:$Q$200,7,$A8)&", ")),ISNUMBER(SEARCH(", "&$B8&", ", ", "&INDEX('Form Responses'!$R$1:$R$200,7)&", "))),1,"")) | J8: =IF(Wizards!$A$8="","",IF(OR(ISNUMBER(SEARCH(", "&$B8&", ", ", "&INDEX('Form Responses'!$I$1:$Q$200,8,$A8)&", ")),ISNUMBER(SEARCH(", "&$B8&", ", ", "&INDEX('Form Responses'!$R$1:$R$200,8)&", "))),1,"")) | K8: =IF(Wizards!$A$9="","",IF(OR(ISNUMBER(SEARCH(", "&$B8&", ", ", "&INDEX('Form Responses'!$I$1:$Q$200,9,$A8)&", ")),ISNUMBER(SEARCH(", "&$B8&", ", ", "&INDEX('Form Responses'!$R$1:$R$200,9)&", "))),1,"")) | L8: =IF(Wizards!$A$10="","",IF(OR(ISNUMBER(SEARCH(", "&$B8&", ", ", "&INDEX('Form Responses'!$I$1:$Q$200,10,$A8)&", ")),ISNUMBER(SEARCH(", "&$B8&", ", ", "&INDEX('Form Responses'!$R$1:$R$200,10)&", "))),1,"")) | M8: =IF(Wizards!$A$11="","",IF(OR(ISNUMBER(SEARCH(", "&$B8&", ", ", "&INDEX('Form Responses'!$I$1:$Q$200,11,$A8)&", ")),ISNUMBER(SEARCH(", "&$B8&", ", ", "&INDEX('Form Responses'!$R$1:$R$200,11)&", "))),1,"")) | N8: =IF(Wizards!$A$12="","",IF(OR(ISNUMBER(SEARCH(", "&$B8&", ", ", "&INDEX('Form Responses'!$I$1:$Q$200,12,$A8)&", ")),ISNUMBER(SEARCH(", "&$B8&", ", ", "&INDEX('Form Responses'!$R$1:$R$200,12)&", "))),1,"")) | O8: =IF(Wizards!$A$13="","",IF(OR(ISNUMBER(SEARCH(", "&$B8&", ", ", "&INDEX('Form Responses'!$I$1:$Q$200,13,$A8)&", ")),ISNUMBER(SEARCH(", "&$B8&", ", ", "&INDEX('Form Responses'!$R$1:$R$200,13)&", "))),1,"")) | P8: =IF(Wizards!$A$14="","",IF(OR(ISNUMBER(SEARCH(", "&$B8&", ", ", "&INDEX('Form Responses'!$I$1:$Q$200,14,$A8)&", ")),ISNUMBER(SEARCH(", "&$B8&", ", ", "&INDEX('Form Responses'!$R$1:$R$200,14)&", "))),1,"")) | Q8: =IF(Wizards!$A$15="","",IF(OR(ISNUMBER(SEARCH(", "&$B8&", ", ", "&INDEX('Form Responses'!$I$1:$Q$200,15,$A8)&", ")),ISNUMBER(SEARCH(", "&$B8&", ", ", "&INDEX('Form Responses'!$R$1:$R$200,15)&", "))),1,"")) | R8: =IF(Wizards!$A$16="","",IF(OR(ISNUMBER(SEARCH(", "&$B8&", ", ", "&INDEX('Form Responses'!$I$1:$Q$200,16,$A8)&", ")),ISNUMBER(SEARCH(", "&$B8&", ", ", "&INDEX('Form Responses'!$R$1:$R$200,16)&", "))),1,"")) | S8: =IF(Wizards!$A$17="","",IF(OR(ISNUMBER(SEARCH(", "&$B8&", ", ", "&INDEX('Form Responses'!$I$1:$Q$200,17,$A8)&", ")),ISNUMBER(SEARCH(", "&$B8&", ", ", "&INDEX('Form Responses'!$R$1:$R$200,17)&", "))),1,"")) | T8: =IF(Wizards!$A$18="","",IF(OR(ISNUMBER(SEARCH(", "&$B8&", ", ", "&INDEX('Form Responses'!$I$1:$Q$200,18,$A8)&", ")),ISNUMBER(SEARCH(", "&$B8&", ", ", "&INDEX('Form Responses'!$R$1:$R$200,18)&", "))),1,"")) | U8: =IF(Wizards!$A$19="","",IF(OR(ISNUMBER(SEARCH(", "&$B8&", ", ", "&INDEX('Form Responses'!$I$1:$Q$200,19,$A8)&", ")),ISNUMBER(SEARCH(", "&$B8&", ", ", "&INDEX('Form Responses'!$R$1:$R$200,19)&", "))),1,"")) | V8: =IF(Wizards!$A$20="","",IF(OR(ISNUMBER(SEARCH(", "&$B8&", ", ", "&INDEX('Form Responses'!$I$1:$Q$200,20,$A8)&", ")),ISNUMBER(SEARCH(", "&$B8&", ", ", "&INDEX('Form Responses'!$R$1:$R$200,20)&", "))),1,"")) | W8: =IF(Wizards!$A$21="","",IF(OR(ISNUMBER(SEARCH(", "&$B8&", ", ", "&INDEX('Form Responses'!$I$1:$Q$200,21,$A8)&", ")),ISNUMBER(SEARCH(", "&$B8&", ", ", "&INDEX('Form Responses'!$R$1:$R$200,21)&", "))),1,"")) | X8: =IF(Wizards!$A$22="","",IF(OR(ISNUMBER(SEARCH(", "&$B8&", ", ", "&INDEX('Form Responses'!$I$1:$Q$200,22,$A8)&", ")),ISNUMBER(SEARCH(", "&$B8&", ", ", "&INDEX('Form Responses'!$R$1:$R$200,22)&", "))),1,"")) | Y8: =IF(Wizards!$A$23="","",IF(OR(ISNUMBER(SEARCH(", "&$B8&", ", ", "&INDEX('Form Responses'!$I$1:$Q$200,23,$A8)&", ")),ISNUMBER(SEARCH(", "&$B8&", ", ", "&INDEX('Form Responses'!$R$1:$R$200,23)&", "))),1,"")) | Z8: =IF(Wizards!$A$24="","",IF(OR(ISNUMBER(SEARCH(", "&$B8&", ", ", "&INDEX('Form Responses'!$I$1:$Q$200,24,$A8)&", ")),ISNUMBER(SEARCH(", "&$B8&", ", ", "&INDEX('Form Responses'!$R$1:$R$200,24)&", "))),1,"")) | AA8: =IF(Wizards!$A$25="","",IF(OR(ISNUMBER(SEARCH(", "&$B8&", ", ", "&INDEX('Form Responses'!$I$1:$Q$200,25,$A8)&", ")),ISNUMBER(SEARCH(", "&$B8&", ", ", "&INDEX('Form Responses'!$R$1:$R$200,25)&", "))),1,"")) | AB8: =IF(D8=1,", "&D$1,"") | AC8: =IF(E8=1,", "&E$1,"") | AD8: =IF(F8=1,", "&F$1,"") | AE8: =IF(G8=1,", "&G$1,"") | AF8: =IF(H8=1,", "&H$1,"") | AG8: =IF(I8=1,", "&I$1,"") | AH8: =IF(J8=1,", "&J$1,"") | AI8: =IF(K8=1,", "&K$1,"") | ... AY8: =IF(AA8=1,", "&AA$1,"") | AZ8: =MID($AB8&$AC8&$AD8&$AE8&$AF8&$AG8&$AH8&$AI8&$AJ8&$AK8&$AL8&$AM8&$AN8&$AO8&$AP8&$AQ8&$AR8&$AS8&$AT8&$AU8&$AV8&$AW8&$AX8&$AY8,3,32767) | BA8: =COUNT($D8:$AA8)
A9: 1 | B9: Color Spray | C9: Illusion | D9: =IF(Wizards!$A$2="","",IF(OR(ISNUMBER(SEARCH(", "&$B9&", ", ", "&INDEX('Form Responses'!$I$1:$Q$200,2,$A9)&", ")),ISNUMBER(SEARCH(", "&$B9&", ", ", "&INDEX('Form Responses'!$R$1:$R$200,2)&", "))),1,"")) | E9: =IF(Wizards!$A$3="","",IF(OR(ISNUMBER(SEARCH(", "&$B9&", ", ", "&INDEX('Form Responses'!$I$1:$Q$200,3,$A9)&", ")),ISNUMBER(SEARCH(", "&$B9&", ", ", "&INDEX('Form Responses'!$R$1:$R$200,3)&", "))),1,"")) | F9: =IF(Wizards!$A$4="","",IF(OR(ISNUMBER(SEARCH(", "&$B9&", ", ", "&INDEX('Form Responses'!$I$1:$Q$200,4,$A9)&", ")),ISNUMBER(SEARCH(", "&$B9&", ", ", "&INDEX('Form Responses'!$R$1:$R$200,4)&", "))),1,"")) | G9: =IF(Wizards!$A$5="","",IF(OR(ISNUMBER(SEARCH(", "&$B9&", ", ", "&INDEX('Form Responses'!$I$1:$Q$200,5,$A9)&", ")),ISNUMBER(SEARCH(", "&$B9&", ", ", "&INDEX('Form Responses'!$R$1:$R$200,5)&", "))),1,"")) | H9: =IF(Wizards!$A$6="","",IF(OR(ISNUMBER(SEARCH(", "&$B9&", ", ", "&INDEX('Form Responses'!$I$1:$Q$200,6,$A9)&", ")),ISNUMBER(SEARCH(", "&$B9&", ", ", "&INDEX('Form Responses'!$R$1:$R$200,6)&", "))),1,"")) | I9: =IF(Wizards!$A$7="","",IF(OR(ISNUMBER(SEARCH(", "&$B9&", ", ", "&INDEX('Form Responses'!$I$1:$Q$200,7,$A9)&", ")),ISNUMBER(SEARCH(", "&$B9&", ", ", "&INDEX('Form Responses'!$R$1:$R$200,7)&", "))),1,"")) | J9: =IF(Wizards!$A$8="","",IF(OR(ISNUMBER(SEARCH(", "&$B9&", ", ", "&INDEX('Form Responses'!$I$1:$Q$200,8,$A9)&", ")),ISNUMBER(SEARCH(", "&$B9&", ", ", "&INDEX('Form Responses'!$R$1:$R$200,8)&", "))),1,"")) | K9: =IF(Wizards!$A$9="","",IF(OR(ISNUMBER(SEARCH(", "&$B9&", ", ", "&INDEX('Form Responses'!$I$1:$Q$200,9,$A9)&", ")),ISNUMBER(SEARCH(", "&$B9&", ", ", "&INDEX('Form Responses'!$R$1:$R$200,9)&", "))),1,"")) | L9: =IF(Wizards!$A$10="","",IF(OR(ISNUMBER(SEARCH(", "&$B9&", ", ", "&INDEX('Form Responses'!$I$1:$Q$200,10,$A9)&", ")),ISNUMBER(SEARCH(", "&$B9&", ", ", "&INDEX('Form Responses'!$R$1:$R$200,10)&", "))),1,"")) | M9: =IF(Wizards!$A$11="","",IF(OR(ISNUMBER(SEARCH(", "&$B9&", ", ", "&INDEX('Form Responses'!$I$1:$Q$200,11,$A9)&", ")),ISNUMBER(SEARCH(", "&$B9&", ", ", "&INDEX('Form Responses'!$R$1:$R$200,11)&", "))),1,"")) | N9: =IF(Wizards!$A$12="","",IF(OR(ISNUMBER(SEARCH(", "&$B9&", ", ", "&INDEX('Form Responses'!$I$1:$Q$200,12,$A9)&", ")),ISNUMBER(SEARCH(", "&$B9&", ", ", "&INDEX('Form Responses'!$R$1:$R$200,12)&", "))),1,"")) | O9: =IF(Wizards!$A$13="","",IF(OR(ISNUMBER(SEARCH(", "&$B9&", ", ", "&INDEX('Form Responses'!$I$1:$Q$200,13,$A9)&", ")),ISNUMBER(SEARCH(", "&$B9&", ", ", "&INDEX('Form Responses'!$R$1:$R$200,13)&", "))),1,"")) | P9: =IF(Wizards!$A$14="","",IF(OR(ISNUMBER(SEARCH(", "&$B9&", ", ", "&INDEX('Form Responses'!$I$1:$Q$200,14,$A9)&", ")),ISNUMBER(SEARCH(", "&$B9&", ", ", "&INDEX('Form Responses'!$R$1:$R$200,14)&", "))),1,"")) | Q9: =IF(Wizards!$A$15="","",IF(OR(ISNUMBER(SEARCH(", "&$B9&", ", ", "&INDEX('Form Responses'!$I$1:$Q$200,15,$A9)&", ")),ISNUMBER(SEARCH(", "&$B9&", ", ", "&INDEX('Form Responses'!$R$1:$R$200,15)&", "))),1,"")) | R9: =IF(Wizards!$A$16="","",IF(OR(ISNUMBER(SEARCH(", "&$B9&", ", ", "&INDEX('Form Responses'!$I$1:$Q$200,16,$A9)&", ")),ISNUMBER(SEARCH(", "&$B9&", ", ", "&INDEX('Form Responses'!$R$1:$R$200,16)&", "))),1,"")) | S9: =IF(Wizards!$A$17="","",IF(OR(ISNUMBER(SEARCH(", "&$B9&", ", ", "&INDEX('Form Responses'!$I$1:$Q$200,17,$A9)&", ")),ISNUMBER(SEARCH(", "&$B9&", ", ", "&INDEX('Form Responses'!$R$1:$R$200,17)&", "))),1,"")) | T9: =IF(Wizards!$A$18="","",IF(OR(ISNUMBER(SEARCH(", "&$B9&", ", ", "&INDEX('Form Responses'!$I$1:$Q$200,18,$A9)&", ")),ISNUMBER(SEARCH(", "&$B9&", ", ", "&INDEX('Form Responses'!$R$1:$R$200,18)&", "))),1,"")) | U9: =IF(Wizards!$A$19="","",IF(OR(ISNUMBER(SEARCH(", "&$B9&", ", ", "&INDEX('Form Responses'!$I$1:$Q$200,19,$A9)&", ")),ISNUMBER(SEARCH(", "&$B9&", ", ", "&INDEX('Form Responses'!$R$1:$R$200,19)&", "))),1,"")) | V9: =IF(Wizards!$A$20="","",IF(OR(ISNUMBER(SEARCH(", "&$B9&", ", ", "&INDEX('Form Responses'!$I$1:$Q$200,20,$A9)&", ")),ISNUMBER(SEARCH(", "&$B9&", ", ", "&INDEX('Form Responses'!$R$1:$R$200,20)&", "))),1,"")) | W9: =IF(Wizards!$A$21="","",IF(OR(ISNUMBER(SEARCH(", "&$B9&", ", ", "&INDEX('Form Responses'!$I$1:$Q$200,21,$A9)&", ")),ISNUMBER(SEARCH(", "&$B9&", ", ", "&INDEX('Form Responses'!$R$1:$R$200,21)&", "))),1,"")) | X9: =IF(Wizards!$A$22="","",IF(OR(ISNUMBER(SEARCH(", "&$B9&", ", ", "&INDEX('Form Responses'!$I$1:$Q$200,22,$A9)&", ")),ISNUMBER(SEARCH(", "&$B9&", ", ", "&INDEX('Form Responses'!$R$1:$R$200,22)&", "))),1,"")) | Y9: =IF(Wizards!$A$23="","",IF(OR(ISNUMBER(SEARCH(", "&$B9&", ", ", "&INDEX('Form Responses'!$I$1:$Q$200,23,$A9)&", ")),ISNUMBER(SEARCH(", "&$B9&", ", ", "&INDEX('Form Responses'!$R$1:$R$200,23)&", "))),1,"")) | Z9: =IF(Wizards!$A$24="","",IF(OR(ISNUMBER(SEARCH(", "&$B9&", ", ", "&INDEX('Form Responses'!$I$1:$Q$200,24,$A9)&", ")),ISNUMBER(SEARCH(", "&$B9&", ", ", "&INDEX('Form Responses'!$R$1:$R$200,24)&", "))),1,"")) | AA9: =IF(Wizards!$A$25="","",IF(OR(ISNUMBER(SEARCH(", "&$B9&", ", ", "&INDEX('Form Responses'!$I$1:$Q$200,25,$A9)&", ")),ISNUMBER(SEARCH(", "&$B9&", ", ", "&INDEX('Form Responses'!$R$1:$R$200,25)&", "))),1,"")) | AB9: =IF(D9=1,", "&D$1,"") | AC9: =IF(E9=1,", "&E$1,"") | AD9: =IF(F9=1,", "&F$1,"") | AE9: =IF(G9=1,", "&G$1,"") | AF9: =IF(H9=1,", "&H$1,"") | AG9: =IF(I9=1,", "&I$1,"") | AH9: =IF(J9=1,", "&J$1,"") | AI9: =IF(K9=1,", "&K$1,"") | ... AY9: =IF(AA9=1,", "&AA$1,"") | AZ9: =MID($AB9&$AC9&$AD9&$AE9&$AF9&$AG9&$AH9&$AI9&$AJ9&$AK9&$AL9&$AM9&$AN9&$AO9&$AP9&$AQ9&$AR9&$AS9&$AT9&$AU9&$AV9&$AW9&$AX9&$AY9,3,32767) | BA9: =COUNT($D9:$AA9)
A10: 1 | B10: Comprehend Languages | C10: Divination | D10: =IF(Wizards!$A$2="","",IF(OR(ISNUMBER(SEARCH(", "&$B10&", ", ", "&INDEX('Form Responses'!$I$1:$Q$200,2,$A10)&", ")),ISNUMBER(SEARCH(", "&$B10&", ", ", "&INDEX('Form Responses'!$R$1:$R$200,2)&", "))),1,"")) | E10: =IF(Wizards!$A$3="","",IF(OR(ISNUMBER(SEARCH(", "&$B10&", ", ", "&INDEX('Form Responses'!$I$1:$Q$200,3,$A10)&", ")),ISNUMBER(SEARCH(", "&$B10&", ", ", "&INDEX('Form Responses'!$R$1:$R$200,3)&", "))),1,"")) | F10: =IF(Wizards!$A$4="","",IF(OR(ISNUMBER(SEARCH(", "&$B10&", ", ", "&INDEX('Form Responses'!$I$1:$Q$200,4,$A10)&", ")),ISNUMBER(SEARCH(", "&$B10&", ", ", "&INDEX('Form Responses'!$R$1:$R$200,4)&", "))),1,"")) | G10: =IF(Wizards!$A$5="","",IF(OR(ISNUMBER(SEARCH(", "&$B10&", ", ", "&INDEX('Form Responses'!$I$1:$Q$200,5,$A10)&", ")),ISNUMBER(SEARCH(", "&$B10&", ", ", "&INDEX('Form Responses'!$R$1:$R$200,5)&", "))),1,"")) | H10: =IF(Wizards!$A$6="","",IF(OR(ISNUMBER(SEARCH(", "&$B10&", ", ", "&INDEX('Form Responses'!$I$1:$Q$200,6,$A10)&", ")),ISNUMBER(SEARCH(", "&$B10&", ", ", "&INDEX('Form Responses'!$R$1:$R$200,6)&", "))),1,"")) | I10: =IF(Wizards!$A$7="","",IF(OR(ISNUMBER(SEARCH(", "&$B10&", ", ", "&INDEX('Form Responses'!$I$1:$Q$200,7,$A10)&", ")),ISNUMBER(SEARCH(", "&$B10&", ", ", "&INDEX('Form Responses'!$R$1:$R$200,7)&", "))),1,"")) | J10: =IF(Wizards!$A$8="","",IF(OR(ISNUMBER(SEARCH(", "&$B10&", ", ", "&INDEX('Form Responses'!$I$1:$Q$200,8,$A10)&", ")),ISNUMBER(SEARCH(", "&$B10&", ", ", "&INDEX('Form Responses'!$R$1:$R$200,8)&", "))),1,"")) | K10: =IF(Wizards!$A$9="","",IF(OR(ISNUMBER(SEARCH(", "&$B10&", ", ", "&INDEX('Form Responses'!$I$1:$Q$200,9,$A10)&", ")),ISNUMBER(SEARCH(", "&$B10&", ", ", "&INDEX('Form Responses'!$R$1:$R$200,9)&", "))),1,"")) | L10: =IF(Wizards!$A$10="","",IF(OR(ISNUMBER(SEARCH(", "&$B10&", ", ", "&INDEX('Form Responses'!$I$1:$Q$200,10,$A10)&", ")),ISNUMBER(SEARCH(", "&$B10&", ", ", "&INDEX('Form Responses'!$R$1:$R$200,10)&", "))),1,"")) | M10: =IF(Wizards!$A$11="","",IF(OR(ISNUMBER(SEARCH(", "&$B10&", ", ", "&INDEX('Form Responses'!$I$1:$Q$200,11,$A10)&", ")),ISNUMBER(SEARCH(", "&$B10&", ", ", "&INDEX('Form Responses'!$R$1:$R$200,11)&", "))),1,"")) | N10: =IF(Wizards!$A$12="","",IF(OR(ISNUMBER(SEARCH(", "&$B10&", ", ", "&INDEX('Form Responses'!$I$1:$Q$200,12,$A10)&", ")),ISNUMBER(SEARCH(", "&$B10&", ", ", "&INDEX('Form Responses'!$R$1:$R$200,12)&", "))),1,"")) | O10: =IF(Wizards!$A$13="","",IF(OR(ISNUMBER(SEARCH(", "&$B10&", ", ", "&INDEX('Form Responses'!$I$1:$Q$200,13,$A10)&", ")),ISNUMBER(SEARCH(", "&$B10&", ", ", "&INDEX('Form Responses'!$R$1:$R$200,13)&", "))),1,"")) | P10: =IF(Wizards!$A$14="","",IF(OR(ISNUMBER(SEARCH(", "&$B10&", ", ", "&INDEX('Form Responses'!$I$1:$Q$200,14,$A10)&", ")),ISNUMBER(SEARCH(", "&$B10&", ", ", "&INDEX('Form Responses'!$R$1:$R$200,14)&", "))),1,"")) | Q10: =IF(Wizards!$A$15="","",IF(OR(ISNUMBER(SEARCH(", "&$B10&", ", ", "&INDEX('Form Responses'!$I$1:$Q$200,15,$A10)&", ")),ISNUMBER(SEARCH(", "&$B10&", ", ", "&INDEX('Form Responses'!$R$1:$R$200,15)&", "))),1,"")) | R10: =IF(Wizards!$A$16="","",IF(OR(ISNUMBER(SEARCH(", "&$B10&", ", ", "&INDEX('Form Responses'!$I$1:$Q$200,16,$A10)&", ")),ISNUMBER(SEARCH(", "&$B10&", ", ", "&INDEX('Form Responses'!$R$1:$R$200,16)&", "))),1,"")) | S10: =IF(Wizards!$A$17="","",IF(OR(ISNUMBER(SEARCH(", "&$B10&", ", ", "&INDEX('Form Responses'!$I$1:$Q$200,17,$A10)&", ")),ISNUMBER(SEARCH(", "&$B10&", ", ", "&INDEX('Form Responses'!$R$1:$R$200,17)&", "))),1,"")) | T10: =IF(Wizards!$A$18="","",IF(OR(ISNUMBER(SEARCH(", "&$B10&", ", ", "&INDEX('Form Responses'!$I$1:$Q$200,18,$A10)&", ")),ISNUMBER(SEARCH(", "&$B10&", ", ", "&INDEX('Form Responses'!$R$1:$R$200,18)&", "))),1,"")) | U10: =IF(Wizards!$A$19="","",IF(OR(ISNUMBER(SEARCH(", "&$B10&", ", ", "&INDEX('Form Responses'!$I$1:$Q$200,19,$A10)&", ")),ISNUMBER(SEARCH(", "&$B10&", ", ", "&INDEX('Form Responses'!$R$1:$R$200,19)&", "))),1,"")) | V10: =IF(Wizards!$A$20="","",IF(OR(ISNUMBER(SEARCH(", "&$B10&", ", ", "&INDEX('Form Responses'!$I$1:$Q$200,20,$A10)&", ")),ISNUMBER(SEARCH(", "&$B10&", ", ", "&INDEX('Form Responses'!$R$1:$R$200,20)&", "))),1,"")) | W10: =IF(Wizards!$A$21="","",IF(OR(ISNUMBER(SEARCH(", "&$B10&", ", ", "&INDEX('Form Responses'!$I$1:$Q$200,21,$A10)&", ")),ISNUMBER(SEARCH(", "&$B10&", ", ", "&INDEX('Form Responses'!$R$1:$R$200,21)&", "))),1,"")) | X10: =IF(Wizards!$A$22="","",IF(OR(ISNUMBER(SEARCH(", "&$B10&", ", ", "&INDEX('Form Responses'!$I$1:$Q$200,22,$A10)&", ")),ISNUMBER(SEARCH(", "&$B10&", ", ", "&INDEX('Form Responses'!$R$1:$R$200,22)&", "))),1,"")) | Y10: =IF(Wizards!$A$23="","",IF(OR(ISNUMBER(SEARCH(", "&$B10&", ", ", "&INDEX('Form Responses'!$I$1:$Q$200,23,$A10)&", ")),ISNUMBER(SEARCH(", "&$B10&", ", ", "&INDEX('Form Responses'!$R$1:$R$200,23)&", "))),1,"")) | Z10: =IF(Wizards!$A$24="","",IF(OR(ISNUMBER(SEARCH(", "&$B10&", ", ", "&INDEX('Form Responses'!$I$1:$Q$200,24,$A10)&", ")),ISNUMBER(SEARCH(", "&$B10&", ", ", "&INDEX('Form Responses'!$R$1:$R$200,24)&", "))),1,"")) | AA10: =IF(Wizards!$A$25="","",IF(OR(ISNUMBER(SEARCH(", "&$B10&", ", ", "&INDEX('Form Responses'!$I$1:$Q$200,25,$A10)&", ")),ISNUMBER(SEARCH(", "&$B10&", ", ", "&INDEX('Form Responses'!$R$1:$R$200,25)&", "))),1,"")) | AB10: =IF(D10=1,", "&D$1,"") | AC10: =IF(E10=1,", "&E$1,"") | AD10: =IF(F10=1,", "&F$1,"") | AE10: =IF(G10=1,", "&G$1,"") | AF10: =IF(H10=1,", "&H$1,"") | AG10: =IF(I10=1,", "&I$1,"") | AH10: =IF(J10=1,", "&J$1,"") | AI10: =IF(K10=1,", "&K$1,"") | ... AY10: =IF(AA10=1,", "&AA$1,"") | AZ10: =MID($AB10&$AC10&$AD10&$AE10&$AF10&$AG10&$AH10&$AI10&$AJ10&$AK10&$AL10&$AM10&$AN10&$AO10&$AP10&$AQ10&$AR10&$AS10&$AT10&$AU10&$AV10&$AW10&$AX10&$AY10,3,32767) | BA10: =COUNT($D10:$AA10)
A11: 1 | B11: Detect Magic | C11: Divination | D11: =IF(Wizards!$A$2="","",IF(OR(ISNUMBER(SEARCH(", "&$B11&", ", ", "&INDEX('Form Responses'!$I$1:$Q$200,2,$A11)&", ")),ISNUMBER(SEARCH(", "&$B11&", ", ", "&INDEX('Form Responses'!$R$1:$R$200,2)&", "))),1,"")) | E11: =IF(Wizards!$A$3="","",IF(OR(ISNUMBER(SEARCH(", "&$B11&", ", ", "&INDEX('Form Responses'!$I$1:$Q$200,3,$A11)&", ")),ISNUMBER(SEARCH(", "&$B11&", ", ", "&INDEX('Form Responses'!$R$1:$R$200,3)&", "))),1,"")) | F11: =IF(Wizards!$A$4="","",IF(OR(ISNUMBER(SEARCH(", "&$B11&", ", ", "&INDEX('Form Responses'!$I$1:$Q$200,4,$A11)&", ")),ISNUMBER(SEARCH(", "&$B11&", ", ", "&INDEX('Form Responses'!$R$1:$R$200,4)&", "))),1,"")) | G11: =IF(Wizards!$A$5="","",IF(OR(ISNUMBER(SEARCH(", "&$B11&", ", ", "&INDEX('Form Responses'!$I$1:$Q$200,5,$A11)&", ")),ISNUMBER(SEARCH(", "&$B11&", ", ", "&INDEX('Form Responses'!$R$1:$R$200,5)&", "))),1,"")) | H11: =IF(Wizards!$A$6="","",IF(OR(ISNUMBER(SEARCH(", "&$B11&", ", ", "&INDEX('Form Responses'!$I$1:$Q$200,6,$A11)&", ")),ISNUMBER(SEARCH(", "&$B11&", ", ", "&INDEX('Form Responses'!$R$1:$R$200,6)&", "))),1,"")) | I11: =IF(Wizards!$A$7="","",IF(OR(ISNUMBER(SEARCH(", "&$B11&", ", ", "&INDEX('Form Responses'!$I$1:$Q$200,7,$A11)&", ")),ISNUMBER(SEARCH(", "&$B11&", ", ", "&INDEX('Form Responses'!$R$1:$R$200,7)&", "))),1,"")) | J11: =IF(Wizards!$A$8="","",IF(OR(ISNUMBER(SEARCH(", "&$B11&", ", ", "&INDEX('Form Responses'!$I$1:$Q$200,8,$A11)&", ")),ISNUMBER(SEARCH(", "&$B11&", ", ", "&INDEX('Form Responses'!$R$1:$R$200,8)&", "))),1,"")) | K11: =IF(Wizards!$A$9="","",IF(OR(ISNUMBER(SEARCH(", "&$B11&", ", ", "&INDEX('Form Responses'!$I$1:$Q$200,9,$A11)&", ")),ISNUMBER(SEARCH(", "&$B11&", ", ", "&INDEX('Form Responses'!$R$1:$R$200,9)&", "))),1,"")) | L11: =IF(Wizards!$A$10="","",IF(OR(ISNUMBER(SEARCH(", "&$B11&", ", ", "&INDEX('Form Responses'!$I$1:$Q$200,10,$A11)&", ")),ISNUMBER(SEARCH(", "&$B11&", ", ", "&INDEX('Form Responses'!$R$1:$R$200,10)&", "))),1,"")) | M11: =IF(Wizards!$A$11="","",IF(OR(ISNUMBER(SEARCH(", "&$B11&", ", ", "&INDEX('Form Responses'!$I$1:$Q$200,11,$A11)&", ")),ISNUMBER(SEARCH(", "&$B11&", ", ", "&INDEX('Form Responses'!$R$1:$R$200,11)&", "))),1,"")) | N11: =IF(Wizards!$A$12="","",IF(OR(ISNUMBER(SEARCH(", "&$B11&", ", ", "&INDEX('Form Responses'!$I$1:$Q$200,12,$A11)&", ")),ISNUMBER(SEARCH(", "&$B11&", ", ", "&INDEX('Form Responses'!$R$1:$R$200,12)&", "))),1,"")) | O11: =IF(Wizards!$A$13="","",IF(OR(ISNUMBER(SEARCH(", "&$B11&", ", ", "&INDEX('Form Responses'!$I$1:$Q$200,13,$A11)&", ")),ISNUMBER(SEARCH(", "&$B11&", ", ", "&INDEX('Form Responses'!$R$1:$R$200,13)&", "))),1,"")) | P11: =IF(Wizards!$A$14="","",IF(OR(ISNUMBER(SEARCH(", "&$B11&", ", ", "&INDEX('Form Responses'!$I$1:$Q$200,14,$A11)&", ")),ISNUMBER(SEARCH(", "&$B11&", ", ", "&INDEX('Form Responses'!$R$1:$R$200,14)&", "))),1,"")) | Q11: =IF(Wizards!$A$15="","",IF(OR(ISNUMBER(SEARCH(", "&$B11&", ", ", "&INDEX('Form Responses'!$I$1:$Q$200,15,$A11)&", ")),ISNUMBER(SEARCH(", "&$B11&", ", ", "&INDEX('Form Responses'!$R$1:$R$200,15)&", "))),1,"")) | R11: =IF(Wizards!$A$16="","",IF(OR(ISNUMBER(SEARCH(", "&$B11&", ", ", "&INDEX('Form Responses'!$I$1:$Q$200,16,$A11)&", ")),ISNUMBER(SEARCH(", "&$B11&", ", ", "&INDEX('Form Responses'!$R$1:$R$200,16)&", "))),1,"")) | S11: =IF(Wizards!$A$17="","",IF(OR(ISNUMBER(SEARCH(", "&$B11&", ", ", "&INDEX('Form Responses'!$I$1:$Q$200,17,$A11)&", ")),ISNUMBER(SEARCH(", "&$B11&", ", ", "&INDEX('Form Responses'!$R$1:$R$200,17)&", "))),1,"")) | T11: =IF(Wizards!$A$18="","",IF(OR(ISNUMBER(SEARCH(", "&$B11&", ", ", "&INDEX('Form Responses'!$I$1:$Q$200,18,$A11)&", ")),ISNUMBER(SEARCH(", "&$B11&", ", ", "&INDEX('Form Responses'!$R$1:$R$200,18)&", "))),1,"")) | U11: =IF(Wizards!$A$19="","",IF(OR(ISNUMBER(SEARCH(", "&$B11&", ", ", "&INDEX('Form Responses'!$I$1:$Q$200,19,$A11)&", ")),ISNUMBER(SEARCH(", "&$B11&", ", ", "&INDEX('Form Responses'!$R$1:$R$200,19)&", "))),1,"")) | V11: =IF(Wizards!$A$20="","",IF(OR(ISNUMBER(SEARCH(", "&$B11&", ", ", "&INDEX('Form Responses'!$I$1:$Q$200,20,$A11)&", ")),ISNUMBER(SEARCH(", "&$B11&", ", ", "&INDEX('Form Responses'!$R$1:$R$200,20)&", "))),1,"")) | W11: =IF(Wizards!$A$21="","",IF(OR(ISNUMBER(SEARCH(", "&$B11&", ", ", "&INDEX('Form Responses'!$I$1:$Q$200,21,$A11)&", ")),ISNUMBER(SEARCH(", "&$B11&", ", ", "&INDEX('Form Responses'!$R$1:$R$200,21)&", "))),1,"")) | X11: =IF(Wizards!$A$22="","",IF(OR(ISNUMBER(SEARCH(", "&$B11&", ", ", "&INDEX('Form Responses'!$I$1:$Q$200,22,$A11)&", ")),ISNUMBER(SEARCH(", "&$B11&", ", ", "&INDEX('Form Responses'!$R$1:$R$200,22)&", "))),1,"")) | Y11: =IF(Wizards!$A$23="","",IF(OR(ISNUMBER(SEARCH(", "&$B11&", ", ", "&INDEX('Form Responses'!$I$1:$Q$200,23,$A11)&", ")),ISNUMBER(SEARCH(", "&$B11&", ", ", "&INDEX('Form Responses'!$R$1:$R$200,23)&", "))),1,"")) | Z11: =IF(Wizards!$A$24="","",IF(OR(ISNUMBER(SEARCH(", "&$B11&", ", ", "&INDEX('Form Responses'!$I$1:$Q$200,24,$A11)&", ")),ISNUMBER(SEARCH(", "&$B11&", ", ", "&INDEX('Form Responses'!$R$1:$R$200,24)&", "))),1,"")) | AA11: =IF(Wizards!$A$25="","",IF(OR(ISNUMBER(SEARCH(", "&$B11&", ", ", "&INDEX('Form Responses'!$I$1:$Q$200,25,$A11)&", ")),ISNUMBER(SEARCH(", "&$B11&", ", ", "&INDEX('Form Responses'!$R$1:$R$200,25)&", "))),1,"")) | AB11: =IF(D11=1,", "&D$1,"") | AC11: =IF(E11=1,", "&E$1,"") | AD11: =IF(F11=1,", "&F$1,"") | AE11: =IF(G11=1,", "&G$1,"") | AF11: =IF(H11=1,", "&H$1,"") | AG11: =IF(I11=1,", "&I$1,"") | AH11: =IF(J11=1,", "&J$1,"") | AI11: =IF(K11=1,", "&K$1,"") | ... AY11: =IF(AA11=1,", "&AA$1,"") | AZ11: =MID($AB11&$AC11&$AD11&$AE11&$AF11&$AG11&$AH11&$AI11&$AJ11&$AK11&$AL11&$AM11&$AN11&$AO11&$AP11&$AQ11&$AR11&$AS11&$AT11&$AU11&$AV11&$AW11&$AX11&$AY11,3,32767) | BA11: =COUNT($D11:$AA11)
A12: 1 | B12: Disguise Self | C12: Illusion | D12: =IF(Wizards!$A$2="","",IF(OR(ISNUMBER(SEARCH(", "&$B12&", ", ", "&INDEX('Form Responses'!$I$1:$Q$200,2,$A12)&", ")),ISNUMBER(SEARCH(", "&$B12&", ", ", "&INDEX('Form Responses'!$R$1:$R$200,2)&", "))),1,"")) | E12: =IF(Wizards!$A$3="","",IF(OR(ISNUMBER(SEARCH(", "&$B12&", ", ", "&INDEX('Form Responses'!$I$1:$Q$200,3,$A12)&", ")),ISNUMBER(SEARCH(", "&$B12&", ", ", "&INDEX('Form Responses'!$R$1:$R$200,3)&", "))),1,"")) | F12: =IF(Wizards!$A$4="","",IF(OR(ISNUMBER(SEARCH(", "&$B12&", ", ", "&INDEX('Form Responses'!$I$1:$Q$200,4,$A12)&", ")),ISNUMBER(SEARCH(", "&$B12&", ", ", "&INDEX('Form Responses'!$R$1:$R$200,4)&", "))),1,"")) | G12: =IF(Wizards!$A$5="","",IF(OR(ISNUMBER(SEARCH(", "&$B12&", ", ", "&INDEX('Form Responses'!$I$1:$Q$200,5,$A12)&", ")),ISNUMBER(SEARCH(", "&$B12&", ", ", "&INDEX('Form Responses'!$R$1:$R$200,5)&", "))),1,"")) | H12: =IF(Wizards!$A$6="","",IF(OR(ISNUMBER(SEARCH(", "&$B12&", ", ", "&INDEX('Form Responses'!$I$1:$Q$200,6,$A12)&", ")),ISNUMBER(SEARCH(", "&$B12&", ", ", "&INDEX('Form Responses'!$R$1:$R$200,6)&", "))),1,"")) | I12: =IF(Wizards!$A$7="","",IF(OR(ISNUMBER(SEARCH(", "&$B12&", ", ", "&INDEX('Form Responses'!$I$1:$Q$200,7,$A12)&", ")),ISNUMBER(SEARCH(", "&$B12&", ", ", "&INDEX('Form Responses'!$R$1:$R$200,7)&", "))),1,"")) | J12: =IF(Wizards!$A$8="","",IF(OR(ISNUMBER(SEARCH(", "&$B12&", ", ", "&INDEX('Form Responses'!$I$1:$Q$200,8,$A12)&", ")),ISNUMBER(SEARCH(", "&$B12&", ", ", "&INDEX('Form Responses'!$R$1:$R$200,8)&", "))),1,"")) | K12: =IF(Wizards!$A$9="","",IF(OR(ISNUMBER(SEARCH(", "&$B12&", ", ", "&INDEX('Form Responses'!$I$1:$Q$200,9,$A12)&", ")),ISNUMBER(SEARCH(", "&$B12&", ", ", "&INDEX('Form Responses'!$R$1:$R$200,9)&", "))),1,"")) | L12: =IF(Wizards!$A$10="","",IF(OR(ISNUMBER(SEARCH(", "&$B12&", ", ", "&INDEX('Form Responses'!$I$1:$Q$200,10,$A12)&", ")),ISNUMBER(SEARCH(", "&$B12&", ", ", "&INDEX('Form Responses'!$R$1:$R$200,10)&", "))),1,"")) | M12: =IF(Wizards!$A$11="","",IF(OR(ISNUMBER(SEARCH(", "&$B12&", ", ", "&INDEX('Form Responses'!$I$1:$Q$200,11,$A12)&", ")),ISNUMBER(SEARCH(", "&$B12&", ", ", "&INDEX('Form Responses'!$R$1:$R$200,11)&", "))),1,"")) | N12: =IF(Wizards!$A$12="","",IF(OR(ISNUMBER(SEARCH(", "&$B12&", ", ", "&INDEX('Form Responses'!$I$1:$Q$200,12,$A12)&", ")),ISNUMBER(SEARCH(", "&$B12&", ", ", "&INDEX('Form Responses'!$R$1:$R$200,12)&", "))),1,"")) | O12: =IF(Wizards!$A$13="","",IF(OR(ISNUMBER(SEARCH(", "&$B12&", ", ", "&INDEX('Form Responses'!$I$1:$Q$200,13,$A12)&", ")),ISNUMBER(SEARCH(", "&$B12&", ", ", "&INDEX('Form Responses'!$R$1:$R$200,13)&", "))),1,"")) | P12: =IF(Wizards!$A$14="","",IF(OR(ISNUMBER(SEARCH(", "&$B12&", ", ", "&INDEX('Form Responses'!$I$1:$Q$200,14,$A12)&", ")),ISNUMBER(SEARCH(", "&$B12&", ", ", "&INDEX('Form Responses'!$R$1:$R$200,14)&", "))),1,"")) | Q12: =IF(Wizards!$A$15="","",IF(OR(ISNUMBER(SEARCH(", "&$B12&", ", ", "&INDEX('Form Responses'!$I$1:$Q$200,15,$A12)&", ")),ISNUMBER(SEARCH(", "&$B12&", ", ", "&INDEX('Form Responses'!$R$1:$R$200,15)&", "))),1,"")) | R12: =IF(Wizards!$A$16="","",IF(OR(ISNUMBER(SEARCH(", "&$B12&", ", ", "&INDEX('Form Responses'!$I$1:$Q$200,16,$A12)&", ")),ISNUMBER(SEARCH(", "&$B12&", ", ", "&INDEX('Form Responses'!$R$1:$R$200,16)&", "))),1,"")) | S12: =IF(Wizards!$A$17="","",IF(OR(ISNUMBER(SEARCH(", "&$B12&", ", ", "&INDEX('Form Responses'!$I$1:$Q$200,17,$A12)&", ")),ISNUMBER(SEARCH(", "&$B12&", ", ", "&INDEX('Form Responses'!$R$1:$R$200,17)&", "))),1,"")) | T12: =IF(Wizards!$A$18="","",IF(OR(ISNUMBER(SEARCH(", "&$B12&", ", ", "&INDEX('Form Responses'!$I$1:$Q$200,18,$A12)&", ")),ISNUMBER(SEARCH(", "&$B12&", ", ", "&INDEX('Form Responses'!$R$1:$R$200,18)&", "))),1,"")) | U12: =IF(Wizards!$A$19="","",IF(OR(ISNUMBER(SEARCH(", "&$B12&", ", ", "&INDEX('Form Responses'!$I$1:$Q$200,19,$A12)&", ")),ISNUMBER(SEARCH(", "&$B12&", ", ", "&INDEX('Form Responses'!$R$1:$R$200,19)&", "))),1,"")) | V12: =IF(Wizards!$A$20="","",IF(OR(ISNUMBER(SEARCH(", "&$B12&", ", ", "&INDEX('Form Responses'!$I$1:$Q$200,20,$A12)&", ")),ISNUMBER(SEARCH(", "&$B12&", ", ", "&INDEX('Form Responses'!$R$1:$R$200,20)&", "))),1,"")) | W12: =IF(Wizards!$A$21="","",IF(OR(ISNUMBER(SEARCH(", "&$B12&", ", ", "&INDEX('Form Responses'!$I$1:$Q$200,21,$A12)&", ")),ISNUMBER(SEARCH(", "&$B12&", ", ", "&INDEX('Form Responses'!$R$1:$R$200,21)&", "))),1,"")) | X12: =IF(Wizards!$A$22="","",IF(OR(ISNUMBER(SEARCH(", "&$B12&", ", ", "&INDEX('Form Responses'!$I$1:$Q$200,22,$A12)&", ")),ISNUMBER(SEARCH(", "&$B12&", ", ", "&INDEX('Form Responses'!$R$1:$R$200,22)&", "))),1,"")) | Y12: =IF(Wizards!$A$23="","",IF(OR(ISNUMBER(SEARCH(", "&$B12&", ", ", "&INDEX('Form Responses'!$I$1:$Q$200,23,$A12)&", ")),ISNUMBER(SEARCH(", "&$B12&", ", ", "&INDEX('Form Responses'!$R$1:$R$200,23)&", "))),1,"")) | Z12: =IF(Wizards!$A$24="","",IF(OR(ISNUMBER(SEARCH(", "&$B12&", ", ", "&INDEX('Form Responses'!$I$1:$Q$200,24,$A12)&", ")),ISNUMBER(SEARCH(", "&$B12&", ", ", "&INDEX('Form Responses'!$R$1:$R$200,24)&", "))),1,"")) | AA12: =IF(Wizards!$A$25="","",IF(OR(ISNUMBER(SEARCH(", "&$B12&", ", ", "&INDEX('Form Responses'!$I$1:$Q$200,25,$A12)&", ")),ISNUMBER(SEARCH(", "&$B12&", ", ", "&INDEX('Form Responses'!$R$1:$R$200,25)&", "))),1,"")) | AB12: =IF(D12=1,", "&D$1,"") | AC12: =IF(E12=1,", "&E$1,"") | AD12: =IF(F12=1,", "&F$1,"") | AE12: =IF(G12=1,", "&G$1,"") | AF12: =IF(H12=1,", "&H$1,"") | AG12: =IF(I12=1,", "&I$1,"") | AH12: =IF(J12=1,", "&J$1,"") | AI12: =IF(K12=1,", "&K$1,"") | ... AY12: =IF(AA12=1,", "&AA$1,"") | AZ12: =MID($AB12&$AC12&$AD12&$AE12&$AF12&$AG12&$AH12&$AI12&$AJ12&$AK12&$AL12&$AM12&$AN12&$AO12&$AP12&$AQ12&$AR12&$AS12&$AT12&$AU12&$AV12&$AW12&$AX12&$AY12,3,32767) | BA12: =COUNT($D12:$AA12)
A13: 1 | B13: Earth Tremor | C13: Evocation | D13: =IF(Wizards!$A$2="","",IF(OR(ISNUMBER(SEARCH(", "&$B13&", ", ", "&INDEX('Form Responses'!$I$1:$Q$200,2,$A13)&", ")),ISNUMBER(SEARCH(", "&$B13&", ", ", "&INDEX('Form Responses'!$R$1:$R$200,2)&", "))),1,"")) | E13: =IF(Wizards!$A$3="","",IF(OR(ISNUMBER(SEARCH(", "&$B13&", ", ", "&INDEX('Form Responses'!$I$1:$Q$200,3,$A13)&", ")),ISNUMBER(SEARCH(", "&$B13&", ", ", "&INDEX('Form Responses'!$R$1:$R$200,3)&", "))),1,"")) | F13: =IF(Wizards!$A$4="","",IF(OR(ISNUMBER(SEARCH(", "&$B13&", ", ", "&INDEX('Form Responses'!$I$1:$Q$200,4,$A13)&", ")),ISNUMBER(SEARCH(", "&$B13&", ", ", "&INDEX('Form Responses'!$R$1:$R$200,4)&", "))),1,"")) | G13: =IF(Wizards!$A$5="","",IF(OR(ISNUMBER(SEARCH(", "&$B13&", ", ", "&INDEX('Form Responses'!$I$1:$Q$200,5,$A13)&", ")),ISNUMBER(SEARCH(", "&$B13&", ", ", "&INDEX('Form Responses'!$R$1:$R$200,5)&", "))),1,"")) | H13: =IF(Wizards!$A$6="","",IF(OR(ISNUMBER(SEARCH(", "&$B13&", ", ", "&INDEX('Form Responses'!$I$1:$Q$200,6,$A13)&", ")),ISNUMBER(SEARCH(", "&$B13&", ", ", "&INDEX('Form Responses'!$R$1:$R$200,6)&", "))),1,"")) | I13: =IF(Wizards!$A$7="","",IF(OR(ISNUMBER(SEARCH(", "&$B13&", ", ", "&INDEX('Form Responses'!$I$1:$Q$200,7,$A13)&", ")),ISNUMBER(SEARCH(", "&$B13&", ", ", "&INDEX('Form Responses'!$R$1:$R$200,7)&", "))),1,"")) | J13: =IF(Wizards!$A$8="","",IF(OR(ISNUMBER(SEARCH(", "&$B13&", ", ", "&INDEX('Form Responses'!$I$1:$Q$200,8,$A13)&", ")),ISNUMBER(SEARCH(", "&$B13&", ", ", "&INDEX('Form Responses'!$R$1:$R$200,8)&", "))),1,"")) | K13: =IF(Wizards!$A$9="","",IF(OR(ISNUMBER(SEARCH(", "&$B13&", ", ", "&INDEX('Form Responses'!$I$1:$Q$200,9,$A13)&", ")),ISNUMBER(SEARCH(", "&$B13&", ", ", "&INDEX('Form Responses'!$R$1:$R$200,9)&", "))),1,"")) | L13: =IF(Wizards!$A$10="","",IF(OR(ISNUMBER(SEARCH(", "&$B13&", ", ", "&INDEX('Form Responses'!$I$1:$Q$200,10,$A13)&", ")),ISNUMBER(SEARCH(", "&$B13&", ", ", "&INDEX('Form Responses'!$R$1:$R$200,10)&", "))),1,"")) | M13: =IF(Wizards!$A$11="","",IF(OR(ISNUMBER(SEARCH(", "&$B13&", ", ", "&INDEX('Form Responses'!$I$1:$Q$200,11,$A13)&", ")),ISNUMBER(SEARCH(", "&$B13&", ", ", "&INDEX('Form Responses'!$R$1:$R$200,11)&", "))),1,"")) | N13: =IF(Wizards!$A$12="","",IF(OR(ISNUMBER(SEARCH(", "&$B13&", ", ", "&INDEX('Form Responses'!$I$1:$Q$200,12,$A13)&", ")),ISNUMBER(SEARCH(", "&$B13&", ", ", "&INDEX('Form Responses'!$R$1:$R$200,12)&", "))),1,"")) | O13: =IF(Wizards!$A$13="","",IF(OR(ISNUMBER(SEARCH(", "&$B13&", ", ", "&INDEX('Form Responses'!$I$1:$Q$200,13,$A13)&", ")),ISNUMBER(SEARCH(", "&$B13&", ", ", "&INDEX('Form Responses'!$R$1:$R$200,13)&", "))),1,"")) | P13: =IF(Wizards!$A$14="","",IF(OR(ISNUMBER(SEARCH(", "&$B13&", ", ", "&INDEX('Form Responses'!$I$1:$Q$200,14,$A13)&", ")),ISNUMBER(SEARCH(", "&$B13&", ", ", "&INDEX('Form Responses'!$R$1:$R$200,14)&", "))),1,"")) | Q13: =IF(Wizards!$A$15="","",IF(OR(ISNUMBER(SEARCH(", "&$B13&", ", ", "&INDEX('Form Responses'!$I$1:$Q$200,15,$A13)&", ")),ISNUMBER(SEARCH(", "&$B13&", ", ", "&INDEX('Form Responses'!$R$1:$R$200,15)&", "))),1,"")) | R13: =IF(Wizards!$A$16="","",IF(OR(ISNUMBER(SEARCH(", "&$B13&", ", ", "&INDEX('Form Responses'!$I$1:$Q$200,16,$A13)&", ")),ISNUMBER(SEARCH(", "&$B13&", ", ", "&INDEX('Form Responses'!$R$1:$R$200,16)&", "))),1,"")) | S13: =IF(Wizards!$A$17="","",IF(OR(ISNUMBER(SEARCH(", "&$B13&", ", ", "&INDEX('Form Responses'!$I$1:$Q$200,17,$A13)&", ")),ISNUMBER(SEARCH(", "&$B13&", ", ", "&INDEX('Form Responses'!$R$1:$R$200,17)&", "))),1,"")) | T13: =IF(Wizards!$A$18="","",IF(OR(ISNUMBER(SEARCH(", "&$B13&", ", ", "&INDEX('Form Responses'!$I$1:$Q$200,18,$A13)&", ")),ISNUMBER(SEARCH(", "&$B13&", ", ", "&INDEX('Form Responses'!$R$1:$R$200,18)&", "))),1,"")) | U13: =IF(Wizards!$A$19="","",IF(OR(ISNUMBER(SEARCH(", "&$B13&", ", ", "&INDEX('Form Responses'!$I$1:$Q$200,19,$A13)&", ")),ISNUMBER(SEARCH(", "&$B13&", ", ", "&INDEX('Form Responses'!$R$1:$R$200,19)&", "))),1,"")) | V13: =IF(Wizards!$A$20="","",IF(OR(ISNUMBER(SEARCH(", "&$B13&", ", ", "&INDEX('Form Responses'!$I$1:$Q$200,20,$A13)&", ")),ISNUMBER(SEARCH(", "&$B13&", ", ", "&INDEX('Form Responses'!$R$1:$R$200,20)&", "))),1,"")) | W13: =IF(Wizards!$A$21="","",IF(OR(ISNUMBER(SEARCH(", "&$B13&", ", ", "&INDEX('Form Responses'!$I$1:$Q$200,21,$A13)&", ")),ISNUMBER(SEARCH(", "&$B13&", ", ", "&INDEX('Form Responses'!$R$1:$R$200,21)&", "))),1,"")) | X13: =IF(Wizards!$A$22="","",IF(OR(ISNUMBER(SEARCH(", "&$B13&", ", ", "&INDEX('Form Responses'!$I$1:$Q$200,22,$A13)&", ")),ISNUMBER(SEARCH(", "&$B13&", ", ", "&INDEX('Form Responses'!$R$1:$R$200,22)&", "))),1,"")) | Y13: =IF(Wizards!$A$23="","",IF(OR(ISNUMBER(SEARCH(", "&$B13&", ", ", "&INDEX('Form Responses'!$I$1:$Q$200,23,$A13)&", ")),ISNUMBER(SEARCH(", "&$B13&", ", ", "&INDEX('Form Responses'!$R$1:$R$200,23)&", "))),1,"")) | Z13: =IF(Wizards!$A$24="","",IF(OR(ISNUMBER(SEARCH(", "&$B13&", ", ", "&INDEX('Form Responses'!$I$1:$Q$200,24,$A13)&", ")),ISNUMBER(SEARCH(", "&$B13&", ", ", "&INDEX('Form Responses'!$R$1:$R$200,24)&", "))),1,"")) | AA13: =IF(Wizards!$A$25="","",IF(OR(ISNUMBER(SEARCH(", "&$B13&", ", ", "&INDEX('Form Responses'!$I$1:$Q$200,25,$A13)&", ")),ISNUMBER(SEARCH(", "&$B13&", ", ", "&INDEX('Form Responses'!$R$1:$R$200,25)&", "))),1,"")) | AB13: =IF(D13=1,", "&D$1,"") | AC13: =IF(E13=1,", "&E$1,"") | AD13: =IF(F13=1,", "&F$1,"") | AE13: =IF(G13=1,", "&G$1,"") | AF13: =IF(H13=1,", "&H$1,"") | AG13: =IF(I13=1,", "&I$1,"") | AH13: =IF(J13=1,", "&J$1,"") | AI13: =IF(K13=1,", "&K$1,"") | ... AY13: =IF(AA13=1,", "&AA$1,"") | AZ13: =MID($AB13&$AC13&$AD13&$AE13&$AF13&$AG13&$AH13&$AI13&$AJ13&$AK13&$AL13&$AM13&$AN13&$AO13&$AP13&$AQ13&$AR13&$AS13&$AT13&$AU13&$AV13&$AW13&$AX13&$AY13,3,32767) | BA13: =COUNT($D13:$AA13)
... A351: 9 | B351: Wish | C351: Conjuration | D351: =IF(Wizards!$A$2="","",IF(OR(ISNUMBER(SEARCH(", "&$B351&", ", ", "&INDEX('Form Responses'!$I$1:$Q$200,2,$A351)&", ")),ISNUMBER(SEARCH(", "&$B351&", ", ", "&INDEX('Form Responses'!$R$1:$R$200,2)&", "))),1,"")) | E351: =IF(Wizards!$A$3="","",IF(OR(ISNUMBER(SEARCH(", "&$B351&", ", ", "&INDEX('Form Responses'!$I$1:$Q$200,3,$A351)&", ")),ISNUMBER(SEARCH(", "&$B351&", ", ", "&INDEX('Form Responses'!$R$1:$R$200,3)&", "))),1,"")) | F351: =IF(Wizards!$A$4="","",IF(OR(ISNUMBER(SEARCH(", "&$B351&", ", ", "&INDEX('Form Responses'!$I$1:$Q$200,4,$A351)&", ")),ISNUMBER(SEARCH(", "&$B351&", ", ", "&INDEX('Form Responses'!$R$1:$R$200,4)&", "))),1,"")) | G351: =IF(Wizards!$A$5="","",IF(OR(ISNUMBER(SEARCH(", "&$B351&", ", ", "&INDEX('Form Responses'!$I$1:$Q$200,5,$A351)&", ")),ISNUMBER(SEARCH(", "&$B351&", ", ", "&INDEX('Form Responses'!$R$1:$R$200,5)&", "))),1,"")) | H351: =IF(Wizards!$A$6="","",IF(OR(ISNUMBER(SEARCH(", "&$B351&", ", ", "&INDEX('Form Responses'!$I$1:$Q$200,6,$A351)&", ")),ISNUMBER(SEARCH(", "&$B351&", ", ", "&INDEX('Form Responses'!$R$1:$R$200,6)&", "))),1,"")) | I351: =IF(Wizards!$A$7="","",IF(OR(ISNUMBER(SEARCH(", "&$B351&", ", ", "&INDEX('Form Responses'!$I$1:$Q$200,7,$A351)&", ")),ISNUMBER(SEARCH(", "&$B351&", ", ", "&INDEX('Form Responses'!$R$1:$R$200,7)&", "))),1,"")) | J351: =IF(Wizards!$A$8="","",IF(OR(ISNUMBER(SEARCH(", "&$B351&", ", ", "&INDEX('Form Responses'!$I$1:$Q$200,8,$A351)&", ")),ISNUMBER(SEARCH(", "&$B351&", ", ", "&INDEX('Form Responses'!$R$1:$R$200,8)&", "))),1,"")) | K351: =IF(Wizards!$A$9="","",IF(OR(ISNUMBER(SEARCH(", "&$B351&", ", ", "&INDEX('Form Responses'!$I$1:$Q$200,9,$A351)&", ")),ISNUMBER(SEARCH(", "&$B351&", ", ", "&INDEX('Form Responses'!$R$1:$R$200,9)&", "))),1,"")) | L351: =IF(Wizards!$A$10="","",IF(OR(ISNUMBER(SEARCH(", "&$B351&", ", ", "&INDEX('Form Responses'!$I$1:$Q$200,10,$A351)&", ")),ISNUMBER(SEARCH(", "&$B351&", ", ", "&INDEX('Form Responses'!$R$1:$R$200,10)&", "))),1,"")) | M351: =IF(Wizards!$A$11="","",IF(OR(ISNUMBER(SEARCH(", "&$B351&", ", ", "&INDEX('Form Responses'!$I$1:$Q$200,11,$A351)&", ")),ISNUMBER(SEARCH(", "&$B351&", ", ", "&INDEX('Form Responses'!$R$1:$R$200,11)&", "))),1,"")) | N351: =IF(Wizards!$A$12="","",IF(OR(ISNUMBER(SEARCH(", "&$B351&", ", ", "&INDEX('Form Responses'!$I$1:$Q$200,12,$A351)&", ")),ISNUMBER(SEARCH(", "&$B351&", ", ", "&INDEX('Form Responses'!$R$1:$R$200,12)&", "))),1,"")) | O351: =IF(Wizards!$A$13="","",IF(OR(ISNUMBER(SEARCH(", "&$B351&", ", ", "&INDEX('Form Responses'!$I$1:$Q$200,13,$A351)&", ")),ISNUMBER(SEARCH(", "&$B351&", ", ", "&INDEX('Form Responses'!$R$1:$R$200,13)&", "))),1,"")) | P351: =IF(Wizards!$A$14="","",IF(OR(ISNUMBER(SEARCH(", "&$B351&", ", ", "&INDEX('Form Responses'!$I$1:$Q$200,14,$A351)&", ")),ISNUMBER(SEARCH(", "&$B351&", ", ", "&INDEX('Form Responses'!$R$1:$R$200,14)&", "))),1,"")) | Q351: =IF(Wizards!$A$15="","",IF(OR(ISNUMBER(SEARCH(", "&$B351&", ", ", "&INDEX('Form Responses'!$I$1:$Q$200,15,$A351)&", ")),ISNUMBER(SEARCH(", "&$B351&", ", ", "&INDEX('Form Responses'!$R$1:$R$200,15)&", "))),1,"")) | R351: =IF(Wizards!$A$16="","",IF(OR(ISNUMBER(SEARCH(", "&$B351&", ", ", "&INDEX('Form Responses'!$I$1:$Q$200,16,$A351)&", ")),ISNUMBER(SEARCH(", "&$B351&", ", ", "&INDEX('Form Responses'!$R$1:$R$200,16)&", "))),1,"")) | S351: =IF(Wizards!$A$17="","",IF(OR(ISNUMBER(SEARCH(", "&$B351&", ", ", "&INDEX('Form Responses'!$I$1:$Q$200,17,$A351)&", ")),ISNUMBER(SEARCH(", "&$B351&", ", ", "&INDEX('Form Responses'!$R$1:$R$200,17)&", "))),1,"")) | T351: =IF(Wizards!$A$18="","",IF(OR(ISNUMBER(SEARCH(", "&$B351&", ", ", "&INDEX('Form Responses'!$I$1:$Q$200,18,$A351)&", ")),ISNUMBER(SEARCH(", "&$B351&", ", ", "&INDEX('Form Responses'!$R$1:$R$200,18)&", "))),1,"")) | U351: =IF(Wizards!$A$19="","",IF(OR(ISNUMBER(SEARCH(", "&$B351&", ", ", "&INDEX('Form Responses'!$I$1:$Q$200,19,$A351)&", ")),ISNUMBER(SEARCH(", "&$B351&", ", ", "&INDEX('Form Responses'!$R$1:$R$200,19)&", "))),1,"")) | V351: =IF(Wizards!$A$20="","",IF(OR(ISNUMBER(SEARCH(", "&$B351&", ", ", "&INDEX('Form Responses'!$I$1:$Q$200,20,$A351)&", ")),ISNUMBER(SEARCH(", "&$B351&", ", ", "&INDEX('Form Responses'!$R$1:$R$200,20)&", "))),1,"")) | W351: =IF(Wizards!$A$21="","",IF(OR(ISNUMBER(SEARCH(", "&$B351&", ", ", "&INDEX('Form Responses'!$I$1:$Q$200,21,$A351)&", ")),ISNUMBER(SEARCH(", "&$B351&", ", ", "&INDEX('Form Responses'!$R$1:$R$200,21)&", "))),1,"")) | X351: =IF(Wizards!$A$22="","",IF(OR(ISNUMBER(SEARCH(", "&$B351&", ", ", "&INDEX('Form Responses'!$I$1:$Q$200,22,$A351)&", ")),ISNUMBER(SEARCH(", "&$B351&", ", ", "&INDEX('Form Responses'!$R$1:$R$200,22)&", "))),1,"")) | Y351: =IF(Wizards!$A$23="","",IF(OR(ISNUMBER(SEARCH(", "&$B351&", ", ", "&INDEX('Form Responses'!$I$1:$Q$200,23,$A351)&", ")),ISNUMBER(SEARCH(", "&$B351&", ", ", "&INDEX('Form Responses'!$R$1:$R$200,23)&", "))),1,"")) | Z351: =IF(Wizards!$A$24="","",IF(OR(ISNUMBER(SEARCH(", "&$B351&", ", ", "&INDEX('Form Responses'!$I$1:$Q$200,24,$A351)&", ")),ISNUMBER(SEARCH(", "&$B351&", ", ", "&INDEX('Form Responses'!$R$1:$R$200,24)&", "))),1,"")) | AA351: =IF(Wizards!$A$25="","",IF(OR(ISNUMBER(SEARCH(", "&$B351&", ", ", "&INDEX('Form Responses'!$I$1:$Q$200,25,$A351)&", ")),ISNUMBER(SEARCH(", "&$B351&", ", ", "&INDEX('Form Responses'!$R$1:$R$200,25)&", "))),1,"")) | AB351: =IF(D351=1,", "&D$1,"") | AC351: =IF(E351=1,", "&E$1,"") | AD351: =IF(F351=1,", "&F$1,"") | AE351: =IF(G351=1,", "&G$1,"") | AF351: =IF(H351=1,", "&H$1,"") | AG351: =IF(I351=1,", "&I$1,"") | AH351: =IF(J351=1,", "&J$1,"") | AI351: =IF(K351=1,", "&K$1,"") | ... AY351: =IF(AA351=1,", "&AA$1,"") | AZ351: =MID($AB351&$AC351&$AD351&$AE351&$AF351&$AG351&$AH351&$AI351&$AJ351&$AK351&$AL351&$AM351&$AN351&$AO351&$AP351&$AQ351&$AR351&$AS351&$AT351&$AU351&$AV351&$AW351&$AX351&$AY351,3,32767) | BA351: =COUNT($D351:$AA351)

Sheet Copy Planner
A1: Your character: | C1: <- pick from the list, then filter Status to CAN COPY | K1: wizard index | L1: =IFERROR(MATCH($B$1,Wizards!$A$2:$A$25,0),"")
B2: Your total | C2: ="Cost of "&$L$5&" ticked" | D2: Left after copying | K2: max spell level | L2: =IF($L$1="","",MIN(9,CEILING($L$4/2,1)))
A3: Gold (GP): | C3: =SUMIF($I$11:$I$360,TRUE,$G$11:$G$360) | D3: =IF($B$3="","",$B$3-$C$3) | E3: =IF($B$3="","<- enter your total to compare",IF($D$3<0,"OVER BUDGET","WITHIN BUDGET")) | K3: order of scribes | L3: =IF($L$1="","",INDEX(Wizards!$G$2:$G$25,$L$1))
A4: Downtime (DT): | B4: 10 | C4: =IF($L$3="Yes",CEILING(COUNTIFS($I$11:$I$360,TRUE,$A$11:$A$360,"<=4")/10,1)+CEILING(COUNTIFS($I$11:$I$360,TRUE,$A$11:$A$360,">=5")/5,1),COUNTIFS($I$11:$I$360,TRUE,$A$11:$A$360,"<=4")+2*COUNTIFS($I$11:$I$360,TRUE,$A$11:$A$360,">=5")) | D4: =IF($B$4="","",$B$4-$C$4) | E4: =IF($B$4="","<- enter your total to compare",IF($D$4<0,"OVER BUDGET","WITHIN BUDGET")) | F4: starts at 10, one session's award - change it to your real total | K4: wizard level used | L4: =IF($L$1="","",IF(AND(ISNUMBER($B$5),$B$5>INDEX(Wizards!$C$2:$C$25,$L$1)),MIN(20,$B$5),INDEX(Wizards!$C$2:$C$25,$L$1)))
A5: New wizard level: | C5: =IF($L$1="","<- levelling up at the end of this Epic? Enter your new wizard level","<- levelling up at the end of this Epic? Enter your new wizard level. Registered at level "&INDEX(Wizards!$C$2:$C$25,$L$1)&", copying up to spell level "&$L$2) | K5: spells ticked | L5: =COUNTIF($I$11:$I$360,TRUE)
A7: Switching character? Untick the Want column first - the costs add up every tick, whatever its Status.
A10: Level | B10: Spell | C10: School | D10: Source | E10: Status | F10: Available from | G10: GP | H10: DT | I10: Want
A11: 1 | B11: Absorb Elements | C11: Abjuration | D11: Xanathar's Guide | E11: =IF($L$1="","",IF(INDEX(Matrix!$D2:$AA2,1,$L$1)=1,"OWNED",IF(Spells!$E$2<>"","RESTRICTED",IF($A11>$L$2,"TOO HIGH",IF(Matrix!$BA2=0,"NOBODY HAS IT","CAN COPY"))))) | F11: =Matrix!$AZ2 | G11: =$A11*50 | H11: =IF($A11<=4,1,2)
A12: 1 | B12: Alarm | C12: Abjuration | D12: PHB 2024 | E12: =IF($L$1="","",IF(INDEX(Matrix!$D3:$AA3,1,$L$1)=1,"OWNED",IF(Spells!$E$3<>"","RESTRICTED",IF($A12>$L$2,"TOO HIGH",IF(Matrix!$BA3=0,"NOBODY HAS IT","CAN COPY"))))) | F12: =Matrix!$AZ3 | G12: =$A12*50 | H12: =IF($A12<=4,1,2)
A13: 1 | B13: Burning Hands | C13: Evocation | D13: PHB 2024 | E13: =IF($L$1="","",IF(INDEX(Matrix!$D4:$AA4,1,$L$1)=1,"OWNED",IF(Spells!$E$4<>"","RESTRICTED",IF($A13>$L$2,"TOO HIGH",IF(Matrix!$BA4=0,"NOBODY HAS IT","CAN COPY"))))) | F13: =Matrix!$AZ4 | G13: =$A13*50 | H13: =IF($A13<=4,1,2)
A14: 1 | B14: Catapult | C14: Transmutation | D14: Xanathar's Guide | E14: =IF($L$1="","",IF(INDEX(Matrix!$D5:$AA5,1,$L$1)=1,"OWNED",IF(Spells!$E$5<>"","RESTRICTED",IF($A14>$L$2,"TOO HIGH",IF(Matrix!$BA5=0,"NOBODY HAS IT","CAN COPY"))))) | F14: =Matrix!$AZ5 | G14: =$A14*50 | H14: =IF($A14<=4,1,2)
A15: 1 | B15: Cause Fear | C15: Necromancy | D15: Xanathar's Guide | E15: =IF($L$1="","",IF(INDEX(Matrix!$D6:$AA6,1,$L$1)=1,"OWNED",IF(Spells!$E$6<>"","RESTRICTED",IF($A15>$L$2,"TOO HIGH",IF(Matrix!$BA6=0,"NOBODY HAS IT","CAN COPY"))))) | F15: =Matrix!$AZ6 | G15: =$A15*50 | H15: =IF($A15<=4,1,2)
A16: 1 | B16: Charm Person | C16: Enchantment | D16: PHB 2024 | E16: =IF($L$1="","",IF(INDEX(Matrix!$D7:$AA7,1,$L$1)=1,"OWNED",IF(Spells!$E$7<>"","RESTRICTED",IF($A16>$L$2,"TOO HIGH",IF(Matrix!$BA7=0,"NOBODY HAS IT","CAN COPY"))))) | F16: =Matrix!$AZ7 | G16: =$A16*50 | H16: =IF($A16<=4,1,2)
A17: 1 | B17: Chromatic Orb | C17: Evocation | D17: PHB 2024 | E17: =IF($L$1="","",IF(INDEX(Matrix!$D8:$AA8,1,$L$1)=1,"OWNED",IF(Spells!$E$8<>"","RESTRICTED",IF($A17>$L$2,"TOO HIGH",IF(Matrix!$BA8=0,"NOBODY HAS IT","CAN COPY"))))) | F17: =Matrix!$AZ8 | G17: =$A17*50 | H17: =IF($A17<=4,1,2)
A18: 1 | B18: Color Spray | C18: Illusion | D18: PHB 2024 | E18: =IF($L$1="","",IF(INDEX(Matrix!$D9:$AA9,1,$L$1)=1,"OWNED",IF(Spells!$E$9<>"","RESTRICTED",IF($A18>$L$2,"TOO HIGH",IF(Matrix!$BA9=0,"NOBODY HAS IT","CAN COPY"))))) | F18: =Matrix!$AZ9 | G18: =$A18*50 | H18: =IF($A18<=4,1,2)
A19: 1 | B19: Comprehend Languages | C19: Divination | D19: PHB 2024 | E19: =IF($L$1="","",IF(INDEX(Matrix!$D10:$AA10,1,$L$1)=1,"OWNED",IF(Spells!$E$10<>"","RESTRICTED",IF($A19>$L$2,"TOO HIGH",IF(Matrix!$BA10=0,"NOBODY HAS IT","CAN COPY"))))) | F19: =Matrix!$AZ10 | G19: =$A19*50 | H19: =IF($A19<=4,1,2)
A20: 1 | B20: Detect Magic | C20: Divination | D20: PHB 2024 | E20: =IF($L$1="","",IF(INDEX(Matrix!$D11:$AA11,1,$L$1)=1,"OWNED",IF(Spells!$E$11<>"","RESTRICTED",IF($A20>$L$2,"TOO HIGH",IF(Matrix!$BA11=0,"NOBODY HAS IT","CAN COPY"))))) | F20: =Matrix!$AZ11 | G20: =$A20*50 | H20: =IF($A20<=4,1,2)
A21: 1 | B21: Disguise Self | C21: Illusion | D21: PHB 2024 | E21: =IF($L$1="","",IF(INDEX(Matrix!$D12:$AA12,1,$L$1)=1,"OWNED",IF(Spells!$E$12<>"","RESTRICTED",IF($A21>$L$2,"TOO HIGH",IF(Matrix!$BA12=0,"NOBODY HAS IT","CAN COPY"))))) | F21: =Matrix!$AZ12 | G21: =$A21*50 | H21: =IF($A21<=4,1,2)
A22: 1 | B22: Earth Tremor | C22: Evocation | D22: Xanathar's Guide | E22: =IF($L$1="","",IF(INDEX(Matrix!$D13:$AA13,1,$L$1)=1,"OWNED",IF(Spells!$E$13<>"","RESTRICTED",IF($A22>$L$2,"TOO HIGH",IF(Matrix!$BA13=0,"NOBODY HAS IT","CAN COPY"))))) | F22: =Matrix!$AZ13 | G22: =$A22*50 | H22: =IF($A22<=4,1,2)
A23: 1 | B23: Expeditious Retreat | C23: Transmutation | D23: PHB 2024 | E23: =IF($L$1="","",IF(INDEX(Matrix!$D14:$AA14,1,$L$1)=1,"OWNED",IF(Spells!$E$14<>"","RESTRICTED",IF($A23>$L$2,"TOO HIGH",IF(Matrix!$BA14=0,"NOBODY HAS IT","CAN COPY"))))) | F23: =Matrix!$AZ14 | G23: =$A23*50 | H23: =IF($A23<=4,1,2)
A24: 1 | B24: False Life | C24: Necromancy | D24: PHB 2024 | E24: =IF($L$1="","",IF(INDEX(Matrix!$D15:$AA15,1,$L$1)=1,"OWNED",IF(Spells!$E$15<>"","RESTRICTED",IF($A24>$L$2,"TOO HIGH",IF(Matrix!$BA15=0,"NOBODY HAS IT","CAN COPY"))))) | F24: =Matrix!$AZ15 | G24: =$A24*50 | H24: =IF($A24<=4,1,2)
A25: 1 | B25: Feather Fall | C25: Transmutation | D25: PHB 2024 | E25: =IF($L$1="","",IF(INDEX(Matrix!$D16:$AA16,1,$L$1)=1,"OWNED",IF(Spells!$E$16<>"","RESTRICTED",IF($A25>$L$2,"TOO HIGH",IF(Matrix!$BA16=0,"NOBODY HAS IT","CAN COPY"))))) | F25: =Matrix!$AZ16 | G25: =$A25*50 | H25: =IF($A25<=4,1,2)
A26: 1 | B26: Find Familiar | C26: Conjuration | D26: PHB 2024 | E26: =IF($L$1="","",IF(INDEX(Matrix!$D17:$AA17,1,$L$1)=1,"OWNED",IF(Spells!$E$17<>"","RESTRICTED",IF($A26>$L$2,"TOO HIGH",IF(Matrix!$BA17=0,"NOBODY HAS IT","CAN COPY"))))) | F26: =Matrix!$AZ17 | G26: =$A26*50 | H26: =IF($A26<=4,1,2)
A27: 1 | B27: Fog Cloud | C27: Conjuration | D27: PHB 2024 | E27: =IF($L$1="","",IF(INDEX(Matrix!$D18:$AA18,1,$L$1)=1,"OWNED",IF(Spells!$E$18<>"","RESTRICTED",IF($A27>$L$2,"TOO HIGH",IF(Matrix!$BA18=0,"NOBODY HAS IT","CAN COPY"))))) | F27: =Matrix!$AZ18 | G27: =$A27*50 | H27: =IF($A27<=4,1,2)
A28: 1 | B28: Frost Fingers | C28: Evocation | D28: Icewind Dale | E28: =IF($L$1="","",IF(INDEX(Matrix!$D19:$AA19,1,$L$1)=1,"OWNED",IF(Spells!$E$19<>"","RESTRICTED",IF($A28>$L$2,"TOO HIGH",IF(Matrix!$BA19=0,"NOBODY HAS IT","CAN COPY"))))) | F28: =Matrix!$AZ19 | G28: =$A28*50 | H28: =IF($A28<=4,1,2)
A29: 1 | B29: Grease | C29: Conjuration | D29: PHB 2024 | E29: =IF($L$1="","",IF(INDEX(Matrix!$D20:$AA20,1,$L$1)=1,"OWNED",IF(Spells!$E$20<>"","RESTRICTED",IF($A29>$L$2,"TOO HIGH",IF(Matrix!$BA20=0,"NOBODY HAS IT","CAN COPY"))))) | F29: =Matrix!$AZ20 | G29: =$A29*50 | H29: =IF($A29<=4,1,2)
A30: 1 | B30: Ice Knife | C30: Conjuration | D30: PHB 2024 | E30: =IF($L$1="","",IF(INDEX(Matrix!$D21:$AA21,1,$L$1)=1,"OWNED",IF(Spells!$E$21<>"","RESTRICTED",IF($A30>$L$2,"TOO HIGH",IF(Matrix!$BA21=0,"NOBODY HAS IT","CAN COPY"))))) | F30: =Matrix!$AZ21 | G30: =$A30*50 | H30: =IF($A30<=4,1,2)
A31: 1 | B31: Identify | C31: Divination | D31: PHB 2024 | E31: =IF($L$1="","",IF(INDEX(Matrix!$D22:$AA22,1,$L$1)=1,"OWNED",IF(Spells!$E$22<>"","RESTRICTED",IF($A31>$L$2,"TOO HIGH",IF(Matrix!$BA22=0,"NOBODY HAS IT","CAN COPY"))))) | F31: =Matrix!$AZ22 | G31: =$A31*50 | H31: =IF($A31<=4,1,2)
A32: 1 | B32: Illusory Script | C32: Illusion | D32: PHB 2024 | E32: =IF($L$1="","",IF(INDEX(Matrix!$D23:$AA23,1,$L$1)=1,"OWNED",IF(Spells!$E$23<>"","RESTRICTED",IF($A32>$L$2,"TOO HIGH",IF(Matrix!$BA23=0,"NOBODY HAS IT","CAN COPY"))))) | F32: =Matrix!$AZ23 | G32: =$A32*50 | H32: =IF($A32<=4,1,2)
A33: 1 | B33: Jump | C33: Transmutation | D33: PHB 2024 | E33: =IF($L$1="","",IF(INDEX(Matrix!$D24:$AA24,1,$L$1)=1,"OWNED",IF(Spells!$E$24<>"","RESTRICTED",IF($A33>$L$2,"TOO HIGH",IF(Matrix!$BA24=0,"NOBODY HAS IT","CAN COPY"))))) | F33: =Matrix!$AZ24 | G33: =$A33*50 | H33: =IF($A33<=4,1,2)
A34: 1 | B34: Longstrider | C34: Transmutation | D34: PHB 2024 | E34: =IF($L$1="","",IF(INDEX(Matrix!$D25:$AA25,1,$L$1)=1,"OWNED",IF(Spells!$E$25<>"","RESTRICTED",IF($A34>$L$2,"TOO HIGH",IF(Matrix!$BA25=0,"NOBODY HAS IT","CAN COPY"))))) | F34: =Matrix!$AZ25 | G34: =$A34*50 | H34: =IF($A34<=4,1,2)
A35: 1 | B35: Mage Armor | C35: Abjuration | D35: PHB 2024 | E35: =IF($L$1="","",IF(INDEX(Matrix!$D26:$AA26,1,$L$1)=1,"OWNED",IF(Spells!$E$26<>"","RESTRICTED",IF($A35>$L$2,"TOO HIGH",IF(Matrix!$BA26=0,"NOBODY HAS IT","CAN COPY"))))) | F35: =Matrix!$AZ26 | G35: =$A35*50 | H35: =IF($A35<=4,1,2)
A36: 1 | B36: Magic Missile | C36: Evocation | D36: PHB 2024 | E36: =IF($L$1="","",IF(INDEX(Matrix!$D27:$AA27,1,$L$1)=1,"OWNED",IF(Spells!$E$27<>"","RESTRICTED",IF($A36>$L$2,"TOO HIGH",IF(Matrix!$BA27=0,"NOBODY HAS IT","CAN COPY"))))) | F36: =Matrix!$AZ27 | G36: =$A36*50 | H36: =IF($A36<=4,1,2)
A37: 1 | B37: Protection from Evil and Good | C37: Abjuration | D37: PHB 2024 | E37: =IF($L$1="","",IF(INDEX(Matrix!$D28:$AA28,1,$L$1)=1,"OWNED",IF(Spells!$E$28<>"","RESTRICTED",IF($A37>$L$2,"TOO HIGH",IF(Matrix!$BA28=0,"NOBODY HAS IT","CAN COPY"))))) | F37: =Matrix!$AZ28 | G37: =$A37*50 | H37: =IF($A37<=4,1,2)
A38: 1 | B38: Ray of Sickness | C38: Necromancy | D38: PHB 2024 | E38: =IF($L$1="","",IF(INDEX(Matrix!$D29:$AA29,1,$L$1)=1,"OWNED",IF(Spells!$E$29<>"","RESTRICTED",IF($A38>$L$2,"TOO HIGH",IF(Matrix!$BA29=0,"NOBODY HAS IT","CAN COPY"))))) | F38: =Matrix!$AZ29 | G38: =$A38*50 | H38: =IF($A38<=4,1,2)
A39: 1 | B39: Shield | C39: Abjuration | D39: PHB 2024 | E39: =IF($L$1="","",IF(INDEX(Matrix!$D30:$AA30,1,$L$1)=1,"OWNED",IF(Spells!$E$30<>"","RESTRICTED",IF($A39>$L$2,"TOO HIGH",IF(Matrix!$BA30=0,"NOBODY HAS IT","CAN COPY"))))) | F39: =Matrix!$AZ30 | G39: =$A39*50 | H39: =IF($A39<=4,1,2)
A40: 1 | B40: Silent Image | C40: Illusion | D40: PHB 2024 | E40: =IF($L$1="","",IF(INDEX(Matrix!$D31:$AA31,1,$L$1)=1,"OWNED",IF(Spells!$E$31<>"","RESTRICTED",IF($A40>$L$2,"TOO HIGH",IF(Matrix!$BA31=0,"NOBODY HAS IT","CAN COPY"))))) | F40: =Matrix!$AZ31 | G40: =$A40*50 | H40: =IF($A40<=4,1,2)
A41: 1 | B41: Sleep | C41: Enchantment | D41: PHB 2024 | E41: =IF($L$1="","",IF(INDEX(Matrix!$D32:$AA32,1,$L$1)=1,"OWNED",IF(Spells!$E$32<>"","RESTRICTED",IF($A41>$L$2,"TOO HIGH",IF(Matrix!$BA32=0,"NOBODY HAS IT","CAN COPY"))))) | F41: =Matrix!$AZ32 | G41: =$A41*50 | H41: =IF($A41<=4,1,2)
A42: 1 | B42: Snare | C42: Abjuration | D42: Xanathar's Guide | E42: =IF($L$1="","",IF(INDEX(Matrix!$D33:$AA33,1,$L$1)=1,"OWNED",IF(Spells!$E$33<>"","RESTRICTED",IF($A42>$L$2,"TOO HIGH",IF(Matrix!$BA33=0,"NOBODY HAS IT","CAN COPY"))))) | F42: =Matrix!$AZ33 | G42: =$A42*50 | H42: =IF($A42<=4,1,2)
A43: 1 | B43: Spellfire Flare | C43: Evocation | D43: Heroes of Faerun | E43: =IF($L$1="","",IF(INDEX(Matrix!$D34:$AA34,1,$L$1)=1,"OWNED",IF(Spells!$E$34<>"","RESTRICTED",IF($A43>$L$2,"TOO HIGH",IF(Matrix!$BA34=0,"NOBODY HAS IT","CAN COPY"))))) | F43: =Matrix!$AZ34 | G43: =$A43*50 | H43: =IF($A43<=4,1,2)
A44: 1 | B44: Tasha's Caustic Brew | C44: Evocation | D44: Tasha's Cauldron | E44: =IF($L$1="","",IF(INDEX(Matrix!$D35:$AA35,1,$L$1)=1,"OWNED",IF(Spells!$E$35<>"","RESTRICTED",IF($A44>$L$2,"TOO HIGH",IF(Matrix!$BA35=0,"NOBODY HAS IT","CAN COPY"))))) | F44: =Matrix!$AZ35 | G44: =$A44*50 | H44: =IF($A44<=4,1,2)
A45: 1 | B45: Tasha's Hideous Laughter | C45: Enchantment | D45: PHB 2024 | E45: =IF($L$1="","",IF(INDEX(Matrix!$D36:$AA36,1,$L$1)=1,"OWNED",IF(Spells!$E$36<>"","RESTRICTED",IF($A45>$L$2,"TOO HIGH",IF(Matrix!$BA36=0,"NOBODY HAS IT","CAN COPY"))))) | F45: =Matrix!$AZ36 | G45: =$A45*50 | H45: =IF($A45<=4,1,2)
A46: 1 | B46: Tenser's Floating Disk | C46: Conjuration | D46: PHB 2024 | E46: =IF($L$1="","",IF(INDEX(Matrix!$D37:$AA37,1,$L$1)=1,"OWNED",IF(Spells!$E$37<>"","RESTRICTED",IF($A46>$L$2,"TOO HIGH",IF(Matrix!$BA37=0,"NOBODY HAS IT","CAN COPY"))))) | F46: =Matrix!$AZ37 | G46: =$A46*50 | H46: =IF($A46<=4,1,2)
A47: 1 | B47: Thunderwave | C47: Evocation | D47: PHB 2024 | E47: =IF($L$1="","",IF(INDEX(Matrix!$D38:$AA38,1,$L$1)=1,"OWNED",IF(Spells!$E$38<>"","RESTRICTED",IF($A47>$L$2,"TOO HIGH",IF(Matrix!$BA38=0,"NOBODY HAS IT","CAN COPY"))))) | F47: =Matrix!$AZ38 | G47: =$A47*50 | H47: =IF($A47<=4,1,2)
A48: 1 | B48: Unseen Servant | C48: Conjuration | D48: PHB 2024 | E48: =IF($L$1="","",IF(INDEX(Matrix!$D39:$AA39,1,$L$1)=1,"OWNED",IF(Spells!$E$39<>"","RESTRICTED",IF($A48>$L$2,"TOO HIGH",IF(Matrix!$BA39=0,"NOBODY HAS IT","CAN COPY"))))) | F48: =Matrix!$AZ39 | G48: =$A48*50 | H48: =IF($A48<=4,1,2)
A49: 1 | B49: Wardaway | C49: Abjuration | D49: Heroes of Faerun | E49: =IF($L$1="","",IF(INDEX(Matrix!$D40:$AA40,1,$L$1)=1,"OWNED",IF(Spells!$E$40<>"","RESTRICTED",IF($A49>$L$2,"TOO HIGH",IF(Matrix!$BA40=0,"NOBODY HAS IT","CAN COPY"))))) | F49: =Matrix!$AZ40 | G49: =$A49*50 | H49: =IF($A49<=4,1,2)
A50: 1 | B50: Witch Bolt | C50: Evocation | D50: PHB 2024 | E50: =IF($L$1="","",IF(INDEX(Matrix!$D41:$AA41,1,$L$1)=1,"OWNED",IF(Spells!$E$41<>"","RESTRICTED",IF($A50>$L$2,"TOO HIGH",IF(Matrix!$BA41=0,"NOBODY HAS IT","CAN COPY"))))) | F50: =Matrix!$AZ41 | G50: =$A50*50 | H50: =IF($A50<=4,1,2)
A51: 2 | B51: Aganazzar's Scorcher | C51: Evocation | D51: Xanathar's Guide | E51: =IF($L$1="","",IF(INDEX(Matrix!$D42:$AA42,1,$L$1)=1,"OWNED",IF(Spells!$E$42<>"","RESTRICTED",IF($A51>$L$2,"TOO HIGH",IF(Matrix!$BA42=0,"NOBODY HAS IT","CAN COPY"))))) | F51: =Matrix!$AZ42 | G51: =$A51*50 | H51: =IF($A51<=4,1,2)
A52: 2 | B52: Air Bubble | C52: Conjuration | D52: Spelljammer | E52: =IF($L$1="","",IF(INDEX(Matrix!$D43:$AA43,1,$L$1)=1,"OWNED",IF(Spells!$E$43<>"","RESTRICTED",IF($A52>$L$2,"TOO HIGH",IF(Matrix!$BA43=0,"NOBODY HAS IT","CAN COPY"))))) | F52: =Matrix!$AZ43 | G52: =$A52*50 | H52: =IF($A52<=4,1,2)
A53: 2 | B53: Alter Self | C53: Transmutation | D53: PHB 2024 | E53: =IF($L$1="","",IF(INDEX(Matrix!$D44:$AA44,1,$L$1)=1,"OWNED",IF(Spells!$E$44<>"","RESTRICTED",IF($A53>$L$2,"TOO HIGH",IF(Matrix!$BA44=0,"NOBODY HAS IT","CAN COPY"))))) | F53: =Matrix!$AZ44 | G53: =$A53*50 | H53: =IF($A53<=4,1,2)
A54: 2 | B54: Arcane Lock | C54: Abjuration | D54: PHB 2024 | E54: =IF($L$1="","",IF(INDEX(Matrix!$D45:$AA45,1,$L$1)=1,"OWNED",IF(Spells!$E$45<>"","RESTRICTED",IF($A54>$L$2,"TOO HIGH",IF(Matrix!$BA45=0,"NOBODY HAS IT","CAN COPY"))))) | F54: =Matrix!$AZ45 | G54: =$A54*50 | H54: =IF($A54<=4,1,2)
A55: 2 | B55: Arcane Vigor | C55: Abjuration | D55: PHB 2024 | E55: =IF($L$1="","",IF(INDEX(Matrix!$D46:$AA46,1,$L$1)=1,"OWNED",IF(Spells!$E$46<>"","RESTRICTED",IF($A55>$L$2,"TOO HIGH",IF(Matrix!$BA46=0,"NOBODY HAS IT","CAN COPY"))))) | F55: =Matrix!$AZ46 | G55: =$A55*50 | H55: =IF($A55<=4,1,2)
A56: 2 | B56: Augury | C56: Divination | D56: PHB 2024 | E56: =IF($L$1="","",IF(INDEX(Matrix!$D47:$AA47,1,$L$1)=1,"OWNED",IF(Spells!$E$47<>"","RESTRICTED",IF($A56>$L$2,"TOO HIGH",IF(Matrix!$BA47=0,"NOBODY HAS IT","CAN COPY"))))) | F56: =Matrix!$AZ47 | G56: =$A56*50 | H56: =IF($A56<=4,1,2)
A57: 2 | B57: Battle Familiar | C57: Conjuration | D57: Arcana Unleashed | E57: =IF($L$1="","",IF(INDEX(Matrix!$D48:$AA48,1,$L$1)=1,"OWNED",IF(Spells!$E$48<>"","RESTRICTED",IF($A57>$L$2,"TOO HIGH",IF(Matrix!$BA48=0,"NOBODY HAS IT","CAN COPY"))))) | F57: =Matrix!$AZ48 | G57: =$A57*50 | H57: =IF($A57<=4,1,2)
A58: 2 | B58: Blindness/Deafness | C58: Transmutation | D58: PHB 2024 | E58: =IF($L$1="","",IF(INDEX(Matrix!$D49:$AA49,1,$L$1)=1,"OWNED",IF(Spells!$E$49<>"","RESTRICTED",IF($A58>$L$2,"TOO HIGH",IF(Matrix!$BA49=0,"NOBODY HAS IT","CAN COPY"))))) | F58: =Matrix!$AZ49 | G58: =$A58*50 | H58: =IF($A58<=4,1,2)
A59: 2 | B59: Blur | C59: Illusion | D59: PHB 2024 | E59: =IF($L$1="","",IF(INDEX(Matrix!$D50:$AA50,1,$L$1)=1,"OWNED",IF(Spells!$E$50<>"","RESTRICTED",IF($A59>$L$2,"TOO HIGH",IF(Matrix!$BA50=0,"NOBODY HAS IT","CAN COPY"))))) | F59: =Matrix!$AZ50 | G59: =$A59*50 | H59: =IF($A59<=4,1,2)
A60: 2 | B60: Cloud of Daggers | C60: Conjuration | D60: PHB 2024 | E60: =IF($L$1="","",IF(INDEX(Matrix!$D51:$AA51,1,$L$1)=1,"OWNED",IF(Spells!$E$51<>"","RESTRICTED",IF($A60>$L$2,"TOO HIGH",IF(Matrix!$BA51=0,"NOBODY HAS IT","CAN COPY"))))) | F60: =Matrix!$AZ51 | G60: =$A60*50 | H60: =IF($A60<=4,1,2)
A61: 2 | B61: Continual Flame | C61: Evocation | D61: PHB 2024 | E61: =IF($L$1="","",IF(INDEX(Matrix!$D52:$AA52,1,$L$1)=1,"OWNED",IF(Spells!$E$52<>"","RESTRICTED",IF($A61>$L$2,"TOO HIGH",IF(Matrix!$BA52=0,"NOBODY HAS IT","CAN COPY"))))) | F61: =Matrix!$AZ52 | G61: =$A61*50 | H61: =IF($A61<=4,1,2)
A62: 2 | B62: Crown of Madness | C62: Enchantment | D62: PHB 2024 | E62: =IF($L$1="","",IF(INDEX(Matrix!$D53:$AA53,1,$L$1)=1,"OWNED",IF(Spells!$E$53<>"","RESTRICTED",IF($A62>$L$2,"TOO HIGH",IF(Matrix!$BA53=0,"NOBODY HAS IT","CAN COPY"))))) | F62: =Matrix!$AZ53 | G62: =$A62*50 | H62: =IF($A62<=4,1,2)
A63: 2 | B63: Darkness | C63: Evocation | D63: PHB 2024 | E63: =IF($L$1="","",IF(INDEX(Matrix!$D54:$AA54,1,$L$1)=1,"OWNED",IF(Spells!$E$54<>"","RESTRICTED",IF($A63>$L$2,"TOO HIGH",IF(Matrix!$BA54=0,"NOBODY HAS IT","CAN COPY"))))) | F63: =Matrix!$AZ54 | G63: =$A63*50 | H63: =IF($A63<=4,1,2)
A64: 2 | B64: Darkvision | C64: Transmutation | D64: PHB 2024 | E64: =IF($L$1="","",IF(INDEX(Matrix!$D55:$AA55,1,$L$1)=1,"OWNED",IF(Spells!$E$55<>"","RESTRICTED",IF($A64>$L$2,"TOO HIGH",IF(Matrix!$BA55=0,"NOBODY HAS IT","CAN COPY"))))) | F64: =Matrix!$AZ55 | G64: =$A64*50 | H64: =IF($A64<=4,1,2)
A65: 2 | B65: Death Armor | C65: Necromancy | D65: Heroes of Faerun | E65: =IF($L$1="","",IF(INDEX(Matrix!$D56:$AA56,1,$L$1)=1,"OWNED",IF(Spells!$E$56<>"","RESTRICTED",IF($A65>$L$2,"TOO HIGH",IF(Matrix!$BA56=0,"NOBODY HAS IT","CAN COPY"))))) | F65: =Matrix!$AZ56 | G65: =$A65*50 | H65: =IF($A65<=4,1,2)
A66: 2 | B66: Deryan's Helpful Homunculi | C66: Conjuration | D66: Heroes of Faerun | E66: =IF($L$1="","",IF(INDEX(Matrix!$D57:$AA57,1,$L$1)=1,"OWNED",IF(Spells!$E$57<>"","RESTRICTED",IF($A66>$L$2,"TOO HIGH",IF(Matrix!$BA57=0,"NOBODY HAS IT","CAN COPY"))))) | F66: =Matrix!$AZ57 | G66: =$A66*50 | H66: =IF($A66<=4,1,2)
A67: 2 | B67: Detect Thoughts | C67: Divination | D67: PHB 2024 | E67: =IF($L$1="","",IF(INDEX(Matrix!$D58:$AA58,1,$L$1)=1,"OWNED",IF(Spells!$E$58<>"","RESTRICTED",IF($A67>$L$2,"TOO HIGH",IF(Matrix!$BA58=0,"NOBODY HAS IT","CAN COPY"))))) | F67: =Matrix!$AZ58 | G67: =$A67*50 | H67: =IF($A67<=4,1,2)
A68: 2 | B68: Disruptive Tune | C68: Abjuration | D68: Arcana Unleashed | E68: =IF($L$1="","",IF(INDEX(Matrix!$D59:$AA59,1,$L$1)=1,"OWNED",IF(Spells!$E$59<>"","RESTRICTED",IF($A68>$L$2,"TOO HIGH",IF(Matrix!$BA59=0,"NOBODY HAS IT","CAN COPY"))))) | F68: =Matrix!$AZ59 | G68: =$A68*50 | H68: =IF($A68<=4,1,2)
A69: 2 | B69: Dragon's Breath | C69: Transmutation | D69: PHB 2024 | E69: =IF($L$1="","",IF(INDEX(Matrix!$D60:$AA60,1,$L$1)=1,"OWNED",IF(Spells!$E$60<>"","RESTRICTED",IF($A69>$L$2,"TOO HIGH",IF(Matrix!$BA60=0,"NOBODY HAS IT","CAN COPY"))))) | F69: =Matrix!$AZ60 | G69: =$A69*50 | H69: =IF($A69<=4,1,2)
A70: 2 | B70: Dueling Ground | C70: Abjuration | D70: Arcana Unleashed | E70: =IF($L$1="","",IF(INDEX(Matrix!$D61:$AA61,1,$L$1)=1,"OWNED",IF(Spells!$E$61<>"","RESTRICTED",IF($A70>$L$2,"TOO HIGH",IF(Matrix!$BA61=0,"NOBODY HAS IT","CAN COPY"))))) | F70: =Matrix!$AZ61 | G70: =$A70*50 | H70: =IF($A70<=4,1,2)
A71: 2 | B71: Dust Devil | C71: Conjuration | D71: Xanathar's Guide | E71: =IF($L$1="","",IF(INDEX(Matrix!$D62:$AA62,1,$L$1)=1,"OWNED",IF(Spells!$E$62<>"","RESTRICTED",IF($A71>$L$2,"TOO HIGH",IF(Matrix!$BA62=0,"NOBODY HAS IT","CAN COPY"))))) | F71: =Matrix!$AZ62 | G71: =$A71*50 | H71: =IF($A71<=4,1,2)
A72: 2 | B72: Earthbind | C72: Transmutation | D72: Xanathar's Guide | E72: =IF($L$1="","",IF(INDEX(Matrix!$D63:$AA63,1,$L$1)=1,"OWNED",IF(Spells!$E$63<>"","RESTRICTED",IF($A72>$L$2,"TOO HIGH",IF(Matrix!$BA63=0,"NOBODY HAS IT","CAN COPY"))))) | F72: =Matrix!$AZ63 | G72: =$A72*50 | H72: =IF($A72<=4,1,2)
A73: 2 | B73: Elminster's Elusion | C73: Abjuration | D73: Heroes of Faerun | E73: =IF($L$1="","",IF(INDEX(Matrix!$D64:$AA64,1,$L$1)=1,"OWNED",IF(Spells!$E$64<>"","RESTRICTED",IF($A73>$L$2,"TOO HIGH",IF(Matrix!$BA64=0,"NOBODY HAS IT","CAN COPY"))))) | F73: =Matrix!$AZ64 | G73: =$A73*50 | H73: =IF($A73<=4,1,2)
A74: 2 | B74: Enhance Ability | C74: Transmutation | D74: PHB 2024 | E74: =IF($L$1="","",IF(INDEX(Matrix!$D65:$AA65,1,$L$1)=1,"OWNED",IF(Spells!$E$65<>"","RESTRICTED",IF($A74>$L$2,"TOO HIGH",IF(Matrix!$BA65=0,"NOBODY HAS IT","CAN COPY"))))) | F74: =Matrix!$AZ65 | G74: =$A74*50 | H74: =IF($A74<=4,1,2)
A75: 2 | B75: Enlarge/Reduce | C75: Transmutation | D75: PHB 2024 | E75: =IF($L$1="","",IF(INDEX(Matrix!$D66:$AA66,1,$L$1)=1,"OWNED",IF(Spells!$E$66<>"","RESTRICTED",IF($A75>$L$2,"TOO HIGH",IF(Matrix!$BA66=0,"NOBODY HAS IT","CAN COPY"))))) | F75: =Matrix!$AZ66 | G75: =$A75*50 | H75: =IF($A75<=4,1,2)
A76: 2 | B76: Flaming Sphere | C76: Conjuration | D76: PHB 2024 | E76: =IF($L$1="","",IF(INDEX(Matrix!$D67:$AA67,1,$L$1)=1,"OWNED",IF(Spells!$E$67<>"","RESTRICTED",IF($A76>$L$2,"TOO HIGH",IF(Matrix!$BA67=0,"NOBODY HAS IT","CAN COPY"))))) | F76: =Matrix!$AZ67 | G76: =$A76*50 | H76: =IF($A76<=4,1,2)
A77: 2 | B77: Flock of Familiars | C77: Conjuration | D77: Kwalish | E77: =IF($L$1="","",IF(INDEX(Matrix!$D68:$AA68,1,$L$1)=1,"OWNED",IF(Spells!$E$68<>"","RESTRICTED",IF($A77>$L$2,"TOO HIGH",IF(Matrix!$BA68=0,"NOBODY HAS IT","CAN COPY"))))) | F77: =Matrix!$AZ68 | G77: =$A77*50 | H77: =IF($A77<=4,1,2)
A78: 2 | B78: Gentle Repose | C78: Necromancy | D78: PHB 2024 | E78: =IF($L$1="","",IF(INDEX(Matrix!$D69:$AA69,1,$L$1)=1,"OWNED",IF(Spells!$E$69<>"","RESTRICTED",IF($A78>$L$2,"TOO HIGH",IF(Matrix!$BA69=0,"NOBODY HAS IT","CAN COPY"))))) | F78: =Matrix!$AZ69 | G78: =$A78*50 | H78: =IF($A78<=4,1,2)
A79: 2 | B79: Gust of Wind | C79: Evocation | D79: PHB 2024 | E79: =IF($L$1="","",IF(INDEX(Matrix!$D70:$AA70,1,$L$1)=1,"OWNED",IF(Spells!$E$70<>"","RESTRICTED",IF($A79>$L$2,"TOO HIGH",IF(Matrix!$BA70=0,"NOBODY HAS IT","CAN COPY"))))) | F79: =Matrix!$AZ70 | G79: =$A79*50 | H79: =IF($A79<=4,1,2)
A80: 2 | B80: Hold Person | C80: Enchantment | D80: PHB 2024 | E80: =IF($L$1="","",IF(INDEX(Matrix!$D71:$AA71,1,$L$1)=1,"OWNED",IF(Spells!$E$71<>"","RESTRICTED",IF($A80>$L$2,"TOO HIGH",IF(Matrix!$BA71=0,"NOBODY HAS IT","CAN COPY"))))) | F80: =Matrix!$AZ71 | G80: =$A80*50 | H80: =IF($A80<=4,1,2)
A81: 2 | B81: Invisibility | C81: Illusion | D81: PHB 2024 | E81: =IF($L$1="","",IF(INDEX(Matrix!$D72:$AA72,1,$L$1)=1,"OWNED",IF(Spells!$E$72<>"","RESTRICTED",IF($A81>$L$2,"TOO HIGH",IF(Matrix!$BA72=0,"NOBODY HAS IT","CAN COPY"))))) | F81: =Matrix!$AZ72 | G81: =$A81*50 | H81: =IF($A81<=4,1,2)
A82: 2 | B82: Knock | C82: Transmutation | D82: PHB 2024 | E82: =IF($L$1="","",IF(INDEX(Matrix!$D73:$AA73,1,$L$1)=1,"OWNED",IF(Spells!$E$73<>"","RESTRICTED",IF($A82>$L$2,"TOO HIGH",IF(Matrix!$BA73=0,"NOBODY HAS IT","CAN COPY"))))) | F82: =Matrix!$AZ73 | G82: =$A82*50 | H82: =IF($A82<=4,1,2)
A83: 2 | B83: Levitate | C83: Transmutation | D83: PHB 2024 | E83: =IF($L$1="","",IF(INDEX(Matrix!$D74:$AA74,1,$L$1)=1,"OWNED",IF(Spells!$E$74<>"","RESTRICTED",IF($A83>$L$2,"TOO HIGH",IF(Matrix!$BA74=0,"NOBODY HAS IT","CAN COPY"))))) | F83: =Matrix!$AZ74 | G83: =$A83*50 | H83: =IF($A83<=4,1,2)
A84: 2 | B84: Locate Object | C84: Divination | D84: PHB 2024 | E84: =IF($L$1="","",IF(INDEX(Matrix!$D75:$AA75,1,$L$1)=1,"OWNED",IF(Spells!$E$75<>"","RESTRICTED",IF($A84>$L$2,"TOO HIGH",IF(Matrix!$BA75=0,"NOBODY HAS IT","CAN COPY"))))) | F84: =Matrix!$AZ75 | G84: =$A84*50 | H84: =IF($A84<=4,1,2)
A85: 2 | B85: Magic Mouth | C85: Illusion | D85: PHB 2024 | E85: =IF($L$1="","",IF(INDEX(Matrix!$D76:$AA76,1,$L$1)=1,"OWNED",IF(Spells!$E$76<>"","RESTRICTED",IF($A85>$L$2,"TOO HIGH",IF(Matrix!$BA76=0,"NOBODY HAS IT","CAN COPY"))))) | F85: =Matrix!$AZ76 | G85: =$A85*50 | H85: =IF($A85<=4,1,2)
A86: 2 | B86: Magic Weapon | C86: Transmutation | D86: PHB 2024 | E86: =IF($L$1="","",IF(INDEX(Matrix!$D77:$AA77,1,$L$1)=1,"OWNED",IF(Spells!$E$77<>"","RESTRICTED",IF($A86>$L$2,"TOO HIGH",IF(Matrix!$BA77=0,"NOBODY HAS IT","CAN COPY"))))) | F86: =Matrix!$AZ77 | G86: =$A86*50 | H86: =IF($A86<=4,1,2)
A87: 2 | B87: Maximilian's Earthen Grasp | C87: Transmutation | D87: Xanathar's Guide | E87: =IF($L$1="","",IF(INDEX(Matrix!$D78:$AA78,1,$L$1)=1,"OWNED",IF(Spells!$E$78<>"","RESTRICTED",IF($A87>$L$2,"TOO HIGH",IF(Matrix!$BA78=0,"NOBODY HAS IT","CAN COPY"))))) | F87: =Matrix!$AZ78 | G87: =$A87*50 | H87: =IF($A87<=4,1,2)
A88: 2 | B88: Melf's Acid Arrow | C88: Evocation | D88: PHB 2024 | E88: =IF($L$1="","",IF(INDEX(Matrix!$D79:$AA79,1,$L$1)=1,"OWNED",IF(Spells!$E$79<>"","RESTRICTED",IF($A88>$L$2,"TOO HIGH",IF(Matrix!$BA79=0,"NOBODY HAS IT","CAN COPY"))))) | F88: =Matrix!$AZ79 | G88: =$A88*50 | H88: =IF($A88<=4,1,2)
A89: 2 | B89: Mind Spike | C89: Divination | D89: PHB 2024 | E89: =IF($L$1="","",IF(INDEX(Matrix!$D80:$AA80,1,$L$1)=1,"OWNED",IF(Spells!$E$80<>"","RESTRICTED",IF($A89>$L$2,"TOO HIGH",IF(Matrix!$BA80=0,"NOBODY HAS IT","CAN COPY"))))) | F89: =Matrix!$AZ80 | G89: =$A89*50 | H89: =IF($A89<=4,1,2)
A90: 2 | B90: Mirror Image | C90: Illusion | D90: PHB 2024 | E90: =IF($L$1="","",IF(INDEX(Matrix!$D81:$AA81,1,$L$1)=1,"OWNED",IF(Spells!$E$81<>"","RESTRICTED",IF($A90>$L$2,"TOO HIGH",IF(Matrix!$BA81=0,"NOBODY HAS IT","CAN COPY"))))) | F90: =Matrix!$AZ81 | G90: =$A90*50 | H90: =IF($A90<=4,1,2)
A91: 2 | B91: Misty Step | C91: Conjuration | D91: PHB 2024 | E91: =IF($L$1="","",IF(INDEX(Matrix!$D82:$AA82,1,$L$1)=1,"OWNED",IF(Spells!$E$82<>"","RESTRICTED",IF($A91>$L$2,"TOO HIGH",IF(Matrix!$BA82=0,"NOBODY HAS IT","CAN COPY"))))) | F91: =Matrix!$AZ82 | G91: =$A91*50 | H91: =IF($A91<=4,1,2)
A92: 2 | B92: Nathair's Mischief | C92: Illusion | D92: Fizban's | E92: =IF($L$1="","",IF(INDEX(Matrix!$D83:$AA83,1,$L$1)=1,"OWNED",IF(Spells!$E$83<>"","RESTRICTED",IF($A92>$L$2,"TOO HIGH",IF(Matrix!$BA83=0,"NOBODY HAS IT","CAN COPY"))))) | F92: =Matrix!$AZ83 | G92: =$A92*50 | H92: =IF($A92<=4,1,2)
A93: 2 | B93: Nystul's Magic Aura | C93: Illusion | D93: PHB 2024 | E93: =IF($L$1="","",IF(INDEX(Matrix!$D84:$AA84,1,$L$1)=1,"OWNED",IF(Spells!$E$84<>"","RESTRICTED",IF($A93>$L$2,"TOO HIGH",IF(Matrix!$BA84=0,"NOBODY HAS IT","CAN COPY"))))) | F93: =Matrix!$AZ84 | G93: =$A93*50 | H93: =IF($A93<=4,1,2)
A94: 2 | B94: Phantasmal Force | C94: Illusion | D94: PHB 2024 | E94: =IF($L$1="","",IF(INDEX(Matrix!$D85:$AA85,1,$L$1)=1,"OWNED",IF(Spells!$E$85<>"","RESTRICTED",IF($A94>$L$2,"TOO HIGH",IF(Matrix!$BA85=0,"NOBODY HAS IT","CAN COPY"))))) | F94: =Matrix!$AZ85 | G94: =$A94*50 | H94: =IF($A94<=4,1,2)
A95: 2 | B95: Pyrotechnics | C95: Transmutation | D95: Xanathar's Guide | E95: =IF($L$1="","",IF(INDEX(Matrix!$D86:$AA86,1,$L$1)=1,"OWNED",IF(Spells!$E$86<>"","RESTRICTED",IF($A95>$L$2,"TOO HIGH",IF(Matrix!$BA86=0,"NOBODY HAS IT","CAN COPY"))))) | F95: =Matrix!$AZ86 | G95: =$A95*50 | H95: =IF($A95<=4,1,2)
A96: 2 | B96: Ray of Enfeeblement | C96: Necromancy | D96: PHB 2024 | E96: =IF($L$1="","",IF(INDEX(Matrix!$D87:$AA87,1,$L$1)=1,"OWNED",IF(Spells!$E$87<>"","RESTRICTED",IF($A96>$L$2,"TOO HIGH",IF(Matrix!$BA87=0,"NOBODY HAS IT","CAN COPY"))))) | F96: =Matrix!$AZ87 | G96: =$A96*50 | H96: =IF($A96<=4,1,2)
A97: 2 | B97: Rime's Binding Ice | C97: Evocation | D97: Fizban's | E97: =IF($L$1="","",IF(INDEX(Matrix!$D88:$AA88,1,$L$1)=1,"OWNED",IF(Spells!$E$88<>"","RESTRICTED",IF($A97>$L$2,"TOO HIGH",IF(Matrix!$BA88=0,"NOBODY HAS IT","CAN COPY"))))) | F97: =Matrix!$AZ88 | G97: =$A97*50 | H97: =IF($A97<=4,1,2)
A98: 2 | B98: Rope Trick | C98: Transmutation | D98: PHB 2024 | E98: =IF($L$1="","",IF(INDEX(Matrix!$D89:$AA89,1,$L$1)=1,"OWNED",IF(Spells!$E$89<>"","RESTRICTED",IF($A98>$L$2,"TOO HIGH",IF(Matrix!$BA89=0,"NOBODY HAS IT","CAN COPY"))))) | F98: =Matrix!$AZ89 | G98: =$A98*50 | H98: =IF($A98<=4,1,2)
A99: 2 | B99: Scorching Ray | C99: Evocation | D99: PHB 2024 | E99: =IF($L$1="","",IF(INDEX(Matrix!$D90:$AA90,1,$L$1)=1,"OWNED",IF(Spells!$E$90<>"","RESTRICTED",IF($A99>$L$2,"TOO HIGH",IF(Matrix!$BA90=0,"NOBODY HAS IT","CAN COPY"))))) | F99: =Matrix!$AZ90 | G99: =$A99*50 | H99: =IF($A99<=4,1,2)
A100: 2 | B100: See Invisibility | C100: Divination | D100: PHB 2024 | E100: =IF($L$1="","",IF(INDEX(Matrix!$D91:$AA91,1,$L$1)=1,"OWNED",IF(Spells!$E$91<>"","RESTRICTED",IF($A100>$L$2,"TOO HIGH",IF(Matrix!$BA91=0,"NOBODY HAS IT","CAN COPY"))))) | F100: =Matrix!$AZ91 | G100: =$A100*50 | H100: =IF($A100<=4,1,2)
A101: 2 | B101: Shadow Blade | C101: Illusion | D101: Xanathar's Guide | E101: =IF($L$1="","",IF(INDEX(Matrix!$D92:$AA92,1,$L$1)=1,"OWNED",IF(Spells!$E$92<>"","RESTRICTED",IF($A101>$L$2,"TOO HIGH",IF(Matrix!$BA92=0,"NOBODY HAS IT","CAN COPY"))))) | F101: =Matrix!$AZ92 | G101: =$A101*50 | H101: =IF($A101<=4,1,2)
A102: 2 | B102: Shatter | C102: Evocation | D102: PHB 2024 | E102: =IF($L$1="","",IF(INDEX(Matrix!$D93:$AA93,1,$L$1)=1,"OWNED",IF(Spells!$E$93<>"","RESTRICTED",IF($A102>$L$2,"TOO HIGH",IF(Matrix!$BA93=0,"NOBODY HAS IT","CAN COPY"))))) | F102: =Matrix!$AZ93 | G102: =$A102*50 | H102: =IF($A102<=4,1,2)
A103: 2 | B103: Skywrite | C103: Transmutation | D103: Xanathar's Guide | E103: =IF($L$1="","",IF(INDEX(Matrix!$D94:$AA94,1,$L$1)=1,"OWNED",IF(Spells!$E$94<>"","RESTRICTED",IF($A103>$L$2,"TOO HIGH",IF(Matrix!$BA94=0,"NOBODY HAS IT","CAN COPY"))))) | F103: =Matrix!$AZ94 | G103: =$A103*50 | H103: =IF($A103<=4,1,2)
...

Sheet Calc
A1: selected spell index (hidden helper for Copy Log)
A2: =IF('Copy Planner'!$I11=TRUE,1,"")
A3: =IF('Copy Planner'!$I12=TRUE,2,"")
A4: =IF('Copy Planner'!$I13=TRUE,3,"")
A5: =IF('Copy Planner'!$I14=TRUE,4,"")
A6: =IF('Copy Planner'!$I15=TRUE,5,"")
A7: =IF('Copy Planner'!$I16=TRUE,6,"")
A8: =IF('Copy Planner'!$I17=TRUE,7,"")
A9: =IF('Copy Planner'!$I18=TRUE,8,"")
A10: =IF('Copy Planner'!$I19=TRUE,9,"")
A11: =IF('Copy Planner'!$I20=TRUE,10,"")
A12: =IF('Copy Planner'!$I21=TRUE,11,"")
A13: =IF('Copy Planner'!$I22=TRUE,12,"")
A14: =IF('Copy Planner'!$I23=TRUE,13,"")
A15: =IF('Copy Planner'!$I24=TRUE,14,"")
A16: =IF('Copy Planner'!$I25=TRUE,15,"")
A17: =IF('Copy Planner'!$I26=TRUE,16,"")
A18: =IF('Copy Planner'!$I27=TRUE,17,"")
A19: =IF('Copy Planner'!$I28=TRUE,18,"")
A20: =IF('Copy Planner'!$I29=TRUE,19,"")
A21: =IF('Copy Planner'!$I30=TRUE,20,"")
A22: =IF('Copy Planner'!$I31=TRUE,21,"")
A23: =IF('Copy Planner'!$I32=TRUE,22,"")
A24: =IF('Copy Planner'!$I33=TRUE,23,"")
A25: =IF('Copy Planner'!$I34=TRUE,24,"")
A26: =IF('Copy Planner'!$I35=TRUE,25,"")
A27: =IF('Copy Planner'!$I36=TRUE,26,"")
A28: =IF('Copy Planner'!$I37=TRUE,27,"")
A29: =IF('Copy Planner'!$I38=TRUE,28,"")
A30: =IF('Copy Planner'!$I39=TRUE,29,"")
A31: =IF('Copy Planner'!$I40=TRUE,30,"")
A32: =IF('Copy Planner'!$I41=TRUE,31,"")
A33: =IF('Copy Planner'!$I42=TRUE,32,"")
A34: =IF('Copy Planner'!$I43=TRUE,33,"")
A35: =IF('Copy Planner'!$I44=TRUE,34,"")
A36: =IF('Copy Planner'!$I45=TRUE,35,"")
A37: =IF('Copy Planner'!$I46=TRUE,36,"")
A38: =IF('Copy Planner'!$I47=TRUE,37,"")
A39: =IF('Copy Planner'!$I48=TRUE,38,"")
A40: =IF('Copy Planner'!$I49=TRUE,39,"")
A41: =IF('Copy Planner'!$I50=TRUE,40,"")
A42: =IF('Copy Planner'!$I51=TRUE,41,"")
A43: =IF('Copy Planner'!$I52=TRUE,42,"")
A44: =IF('Copy Planner'!$I53=TRUE,43,"")
A45: =IF('Copy Planner'!$I54=TRUE,44,"")
A46: =IF('Copy Planner'!$I55=TRUE,45,"")
A47: =IF('Copy Planner'!$I56=TRUE,46,"")
A48: =IF('Copy Planner'!$I57=TRUE,47,"")
A49: =IF('Copy Planner'!$I58=TRUE,48,"")
A50: =IF('Copy Planner'!$I59=TRUE,49,"")
A51: =IF('Copy Planner'!$I60=TRUE,50,"")
A52: =IF('Copy Planner'!$I61=TRUE,51,"")
A53: =IF('Copy Planner'!$I62=TRUE,52,"")
A54: =IF('Copy Planner'!$I63=TRUE,53,"")
A55: =IF('Copy Planner'!$I64=TRUE,54,"")
A56: =IF('Copy Planner'!$I65=TRUE,55,"")
A57: =IF('Copy Planner'!$I66=TRUE,56,"")
A58: =IF('Copy Planner'!$I67=TRUE,57,"")
A59: =IF('Copy Planner'!$I68=TRUE,58,"")
A60: =IF('Copy Planner'!$I69=TRUE,59,"")
A61: =IF('Copy Planner'!$I70=TRUE,60,"")
A62: =IF('Copy Planner'!$I71=TRUE,61,"")
A63: =IF('Copy Planner'!$I72=TRUE,62,"")
A64: =IF('Copy Planner'!$I73=TRUE,63,"")
A65: =IF('Copy Planner'!$I74=TRUE,64,"")
A66: =IF('Copy Planner'!$I75=TRUE,65,"")
A67: =IF('Copy Planner'!$I76=TRUE,66,"")
A68: =IF('Copy Planner'!$I77=TRUE,67,"")
A69: =IF('Copy Planner'!$I78=TRUE,68,"")
A70: =IF('Copy Planner'!$I79=TRUE,69,"")
A71: =IF('Copy Planner'!$I80=TRUE,70,"")
A72: =IF('Copy Planner'!$I81=TRUE,71,"")
A73: =IF('Copy Planner'!$I82=TRUE,72,"")
A74: =IF('Copy Planner'!$I83=TRUE,73,"")
A75: =IF('Copy Planner'!$I84=TRUE,74,"")
A76: =IF('Copy Planner'!$I85=TRUE,75,"")
A77: =IF('Copy Planner'!$I86=TRUE,76,"")
A78: =IF('Copy Planner'!$I87=TRUE,77,"")
A79: =IF('Copy Planner'!$I88=TRUE,78,"")
A80: =IF('Copy Planner'!$I89=TRUE,79,"")
A81: =IF('Copy Planner'!$I90=TRUE,80,"")
A82: =IF('Copy Planner'!$I91=TRUE,81,"")
A83: =IF('Copy Planner'!$I92=TRUE,82,"")
A84: =IF('Copy Planner'!$I93=TRUE,83,"")
A85: =IF('Copy Planner'!$I94=TRUE,84,"")
A86: =IF('Copy Planner'!$I95=TRUE,85,"")
A87: =IF('Copy Planner'!$I96=TRUE,86,"")
A88: =IF('Copy Planner'!$I97=TRUE,87,"")
A89: =IF('Copy Planner'!$I98=TRUE,88,"")
A90: =IF('Copy Planner'!$I99=TRUE,89,"")
A91: =IF('Copy Planner'!$I100=TRUE,90,"")
A92: =IF('Copy Planner'!$I101=TRUE,91,"")
A93: =IF('Copy Planner'!$I102=TRUE,92,"")
A94: =IF('Copy Planner'!$I103=TRUE,93,"")
A95: =IF('Copy Planner'!$I104=TRUE,94,"")
A96: =IF('Copy Planner'!$I105=TRUE,95,"")
A97: =IF('Copy Planner'!$I106=TRUE,96,"")
A98: =IF('Copy Planner'!$I107=TRUE,97,"")
A99: =IF('Copy Planner'!$I108=TRUE,98,"")
A100: =IF('Copy Planner'!$I109=TRUE,99,"")
...

Sheet Copy Log
A1: COPY LOG
A2: Everything below is what YOUR selected character spends. Gold and downtime are expended, not paid to the lender.
A4: Character | C4: Spells | D4: Total GP | E4: Total DT
A5: ='Copy Planner'!$B$1 | C5: ='Copy Planner'!$L$5 | D5: ='Copy Planner'!$C$3 | E5: ='Copy Planner'!$C$4
A6: Downtime is spent as one batch, so Total DT already applies the Order of Scribes rate where it is due - which is why there is no per-spell DT column. Per-spell GP is shown, because gold is per spell level regardless of subclass.
A8: PASTE THIS ONE CELL INTO YOUR CHARACTER LOG (click A9, then copy)
A9: =IF('Copy Planner'!$L$1="","Pick your character on Copy Planner, then tick the spells you want.",IF('Copy Planner'!$L$5=0,"Nothing ticked yet.","Copied "&'Copy Planner'!$L$5&" wizard spell(s) into spellbook: "&MID($H$12&$H$13&$H$14&$H$15&$H$16&$H$17&$H$18&$H$19&$H$20&$H$21&$H$22&$H$23&$H$24&$H$25&$H$26&$H$27&$H$28&$H$29&$H$30&$H$31&$H$32&$H$33&$H$34&$H$35&$H$36&$H$37&$H$38&$H$39&$H$40&$H$41&$H$42&$H$43&$H$44&$H$45&$H$46&$H$47&$H$48&$H$49&$H$50&$H$51,3,32767)&". Total: "&'Copy Planner'!$C$3&" GP and "&'Copy Planner'!$C$4&" DT."))
A11: # | B11: Spell | C11: Level | D11: GP | E11: Copied from (character) | F11: Player | H11: log fragment
A12: =IFERROR(SMALL(Calc!$A$2:$A$351,1),"") | B12: =IF($A12="","",INDEX(Spells!$B$2:$B$351,$A12)) | C12: =IF($A12="","",INDEX(Spells!$A$2:$A$351,$A12)) | D12: =IF($A12="","",$C12*50) | E12: =IF($A12="","",INDEX(Matrix!$AZ$2:$AZ$351,$A12)) | F12: =IF($A12="","",MID($I12&$J12&$K12&$L12&$M12&$N12&$O12&$P12&$Q12&$R12&$S12&$T12&$U12&$V12&$W12&$X12&$Y12&$Z12&$AA12&$AB12&$AC12&$AD12&$AE12&$AF12,3,32767)) | H12: =IF($A12="","","; "&$B12&" (L"&$C12&", "&$D12&" GP) from "&$E12) | I12: =IF($A12="","",IF(INDEX(Matrix!$D$2:$D$351,$A12)=1,", "&Wizards!$B$2,"")) | J12: =IF($A12="","",IF(INDEX(Matrix!$E$2:$E$351,$A12)=1,", "&Wizards!$B$3,"")) | K12: =IF($A12="","",IF(INDEX(Matrix!$F$2:$F$351,$A12)=1,", "&Wizards!$B$4,"")) | L12: =IF($A12="","",IF(INDEX(Matrix!$G$2:$G$351,$A12)=1,", "&Wizards!$B$5,"")) | M12: =IF($A12="","",IF(INDEX(Matrix!$H$2:$H$351,$A12)=1,", "&Wizards!$B$6,"")) | N12: =IF($A12="","",IF(INDEX(Matrix!$I$2:$I$351,$A12)=1,", "&Wizards!$B$7,"")) | O12: =IF($A12="","",IF(INDEX(Matrix!$J$2:$J$351,$A12)=1,", "&Wizards!$B$8,"")) | P12: =IF($A12="","",IF(INDEX(Matrix!$K$2:$K$351,$A12)=1,", "&Wizards!$B$9,"")) | Q12: =IF($A12="","",IF(INDEX(Matrix!$L$2:$L$351,$A12)=1,", "&Wizards!$B$10,"")) | R12: =IF($A12="","",IF(INDEX(Matrix!$M$2:$M$351,$A12)=1,", "&Wizards!$B$11,"")) | S12: =IF($A12="","",IF(INDEX(Matrix!$N$2:$N$351,$A12)=1,", "&Wizards!$B$12,"")) | T12: =IF($A12="","",IF(INDEX(Matrix!$O$2:$O$351,$A12)=1,", "&Wizards!$B$13,"")) | U12: =IF($A12="","",IF(INDEX(Matrix!$P$2:$P$351,$A12)=1,", "&Wizards!$B$14,"")) | V12: =IF($A12="","",IF(INDEX(Matrix!$Q$2:$Q$351,$A12)=1,", "&Wizards!$B$15,"")) | W12: =IF($A12="","",IF(INDEX(Matrix!$R$2:$R$351,$A12)=1,", "&Wizards!$B$16,"")) | X12: =IF($A12="","",IF(INDEX(Matrix!$S$2:$S$351,$A12)=1,", "&Wizards!$B$17,"")) | Y12: =IF($A12="","",IF(INDEX(Matrix!$T$2:$T$351,$A12)=1,", "&Wizards!$B$18,"")) | Z12: =IF($A12="","",IF(INDEX(Matrix!$U$2:$U$351,$A12)=1,", "&Wizards!$B$19,"")) | AA12: =IF($A12="","",IF(INDEX(Matrix!$V$2:$V$351,$A12)=1,", "&Wizards!$B$20,"")) | AB12: =IF($A12="","",IF(INDEX(Matrix!$W$2:$W$351,$A12)=1,", "&Wizards!$B$21,"")) | AC12: =IF($A12="","",IF(INDEX(Matrix!$X$2:$X$351,$A12)=1,", "&Wizards!$B$22,"")) | AD12: =IF($A12="","",IF(INDEX(Matrix!$Y$2:$Y$351,$A12)=1,", "&Wizards!$B$23,"")) | AE12: =IF($A12="","",IF(INDEX(Matrix!$Z$2:$Z$351,$A12)=1,", "&Wizards!$B$24,"")) | AF12: =IF($A12="","",IF(INDEX(Matrix!$AA$2:$AA$351,$A12)=1,", "&Wizards!$B$25,""))
A13: =IFERROR(SMALL(Calc!$A$2:$A$351,2),"") | B13: =IF($A13="","",INDEX(Spells!$B$2:$B$351,$A13)) | C13: =IF($A13="","",INDEX(Spells!$A$2:$A$351,$A13)) | D13: =IF($A13="","",$C13*50) | E13: =IF($A13="","",INDEX(Matrix!$AZ$2:$AZ$351,$A13)) | F13: =IF($A13="","",MID($I13&$J13&$K13&$L13&$M13&$N13&$O13&$P13&$Q13&$R13&$S13&$T13&$U13&$V13&$W13&$X13&$Y13&$Z13&$AA13&$AB13&$AC13&$AD13&$AE13&$AF13,3,32767)) | H13: =IF($A13="","","; "&$B13&" (L"&$C13&", "&$D13&" GP) from "&$E13) | I13: =IF($A13="","",IF(INDEX(Matrix!$D$2:$D$351,$A13)=1,", "&Wizards!$B$2,"")) | J13: =IF($A13="","",IF(INDEX(Matrix!$E$2:$E$351,$A13)=1,", "&Wizards!$B$3,"")) | K13: =IF($A13="","",IF(INDEX(Matrix!$F$2:$F$351,$A13)=1,", "&Wizards!$B$4,"")) | L13: =IF($A13="","",IF(INDEX(Matrix!$G$2:$G$351,$A13)=1,", "&Wizards!$B$5,"")) | M13: =IF($A13="","",IF(INDEX(Matrix!$H$2:$H$351,$A13)=1,", "&Wizards!$B$6,"")) | N13: =IF($A13="","",IF(INDEX(Matrix!$I$2:$I$351,$A13)=1,", "&Wizards!$B$7,"")) | O13: =IF($A13="","",IF(INDEX(Matrix!$J$2:$J$351,$A13)=1,", "&Wizards!$B$8,"")) | P13: =IF($A13="","",IF(INDEX(Matrix!$K$2:$K$351,$A13)=1,", "&Wizards!$B$9,"")) | Q13: =IF($A13="","",IF(INDEX(Matrix!$L$2:$L$351,$A13)=1,", "&Wizards!$B$10,"")) | R13: =IF($A13="","",IF(INDEX(Matrix!$M$2:$M$351,$A13)=1,", "&Wizards!$B$11,"")) | S13: =IF($A13="","",IF(INDEX(Matrix!$N$2:$N$351,$A13)=1,", "&Wizards!$B$12,"")) | T13: =IF($A13="","",IF(INDEX(Matrix!$O$2:$O$351,$A13)=1,", "&Wizards!$B$13,"")) | U13: =IF($A13="","",IF(INDEX(Matrix!$P$2:$P$351,$A13)=1,", "&Wizards!$B$14,"")) | V13: =IF($A13="","",IF(INDEX(Matrix!$Q$2:$Q$351,$A13)=1,", "&Wizards!$B$15,"")) | W13: =IF($A13="","",IF(INDEX(Matrix!$R$2:$R$351,$A13)=1,", "&Wizards!$B$16,"")) | X13: =IF($A13="","",IF(INDEX(Matrix!$S$2:$S$351,$A13)=1,", "&Wizards!$B$17,"")) | Y13: =IF($A13="","",IF(INDEX(Matrix!$T$2:$T$351,$A13)=1,", "&Wizards!$B$18,"")) | Z13: =IF($A13="","",IF(INDEX(Matrix!$U$2:$U$351,$A13)=1,", "&Wizards!$B$19,"")) | AA13: =IF($A13="","",IF(INDEX(Matrix!$V$2:$V$351,$A13)=1,", "&Wizards!$B$20,"")) | AB13: =IF($A13="","",IF(INDEX(Matrix!$W$2:$W$351,$A13)=1,", "&Wizards!$B$21,"")) | AC13: =IF($A13="","",IF(INDEX(Matrix!$X$2:$X$351,$A13)=1,", "&Wizards!$B$22,"")) | AD13: =IF($A13="","",IF(INDEX(Matrix!$Y$2:$Y$351,$A13)=1,", "&Wizards!$B$23,"")) | AE13: =IF($A13="","",IF(INDEX(Matrix!$Z$2:$Z$351,$A13)=1,", "&Wizards!$B$24,"")) | AF13: =IF($A13="","",IF(INDEX(Matrix!$AA$2:$AA$351,$A13)=1,", "&Wizards!$B$25,""))
A14: =IFERROR(SMALL(Calc!$A$2:$A$351,3),"") | B14: =IF($A14="","",INDEX(Spells!$B$2:$B$351,$A14)) | C14: =IF($A14="","",INDEX(Spells!$A$2:$A$351,$A14)) | D14: =IF($A14="","",$C14*50) | E14: =IF($A14="","",INDEX(Matrix!$AZ$2:$AZ$351,$A14)) | F14: =IF($A14="","",MID($I14&$J14&$K14&$L14&$M14&$N14&$O14&$P14&$Q14&$R14&$S14&$T14&$U14&$V14&$W14&$X14&$Y14&$Z14&$AA14&$AB14&$AC14&$AD14&$AE14&$AF14,3,32767)) | H14: =IF($A14="","","; "&$B14&" (L"&$C14&", "&$D14&" GP) from "&$E14) | I14: =IF($A14="","",IF(INDEX(Matrix!$D$2:$D$351,$A14)=1,", "&Wizards!$B$2,"")) | J14: =IF($A14="","",IF(INDEX(Matrix!$E$2:$E$351,$A14)=1,", "&Wizards!$B$3,"")) | K14: =IF($A14="","",IF(INDEX(Matrix!$F$2:$F$351,$A14)=1,", "&Wizards!$B$4,"")) | L14: =IF($A14="","",IF(INDEX(Matrix!$G$2:$G$351,$A14)=1,", "&Wizards!$B$5,"")) | M14: =IF($A14="","",IF(INDEX(Matrix!$H$2:$H$351,$A14)=1,", "&Wizards!$B$6,"")) | N14: =IF($A14="","",IF(INDEX(Matrix!$I$2:$I$351,$A14)=1,", "&Wizards!$B$7,"")) | O14: =IF($A14="","",IF(INDEX(Matrix!$J$2:$J$351,$A14)=1,", "&Wizards!$B$8,"")) | P14: =IF($A14="","",IF(INDEX(Matrix!$K$2:$K$351,$A14)=1,", "&Wizards!$B$9,"")) | Q14: =IF($A14="","",IF(INDEX(Matrix!$L$2:$L$351,$A14)=1,", "&Wizards!$B$10,"")) | R14: =IF($A14="","",IF(INDEX(Matrix!$M$2:$M$351,$A14)=1,", "&Wizards!$B$11,"")) | S14: =IF($A14="","",IF(INDEX(Matrix!$N$2:$N$351,$A14)=1,", "&Wizards!$B$12,"")) | T14: =IF($A14="","",IF(INDEX(Matrix!$O$2:$O$351,$A14)=1,", "&Wizards!$B$13,"")) | U14: =IF($A14="","",IF(INDEX(Matrix!$P$2:$P$351,$A14)=1,", "&Wizards!$B$14,"")) | V14: =IF($A14="","",IF(INDEX(Matrix!$Q$2:$Q$351,$A14)=1,", "&Wizards!$B$15,"")) | W14: =IF($A14="","",IF(INDEX(Matrix!$R$2:$R$351,$A14)=1,", "&Wizards!$B$16,"")) | X14: =IF($A14="","",IF(INDEX(Matrix!$S$2:$S$351,$A14)=1,", "&Wizards!$B$17,"")) | Y14: =IF($A14="","",IF(INDEX(Matrix!$T$2:$T$351,$A14)=1,", "&Wizards!$B$18,"")) | Z14: =IF($A14="","",IF(INDEX(Matrix!$U$2:$U$351,$A14)=1,", "&Wizards!$B$19,"")) | AA14: =IF($A14="","",IF(INDEX(Matrix!$V$2:$V$351,$A14)=1,", "&Wizards!$B$20,"")) | AB14: =IF($A14="","",IF(INDEX(Matrix!$W$2:$W$351,$A14)=1,", "&Wizards!$B$21,"")) | AC14: =IF($A14="","",IF(INDEX(Matrix!$X$2:$X$351,$A14)=1,", "&Wizards!$B$22,"")) | AD14: =IF($A14="","",IF(INDEX(Matrix!$Y$2:$Y$351,$A14)=1,", "&Wizards!$B$23,"")) | AE14: =IF($A14="","",IF(INDEX(Matrix!$Z$2:$Z$351,$A14)=1,", "&Wizards!$B$24,"")) | AF14: =IF($A14="","",IF(INDEX(Matrix!$AA$2:$AA$351,$A14)=1,", "&Wizards!$B$25,""))
A15: =IFERROR(SMALL(Calc!$A$2:$A$351,4),"") | B15: =IF($A15="","",INDEX(Spells!$B$2:$B$351,$A15)) | C15: =IF($A15="","",INDEX(Spells!$A$2:$A$351,$A15)) | D15: =IF($A15="","",$C15*50) | E15: =IF($A15="","",INDEX(Matrix!$AZ$2:$AZ$351,$A15)) | F15: =IF($A15="","",MID($I15&$J15&$K15&$L15&$M15&$N15&$O15&$P15&$Q15&$R15&$S15&$T15&$U15&$V15&$W15&$X15&$Y15&$Z15&$AA15&$AB15&$AC15&$AD15&$AE15&$AF15,3,32767)) | H15: =IF($A15="","","; "&$B15&" (L"&$C15&", "&$D15&" GP) from "&$E15) | I15: =IF($A15="","",IF(INDEX(Matrix!$D$2:$D$351,$A15)=1,", "&Wizards!$B$2,"")) | J15: =IF($A15="","",IF(INDEX(Matrix!$E$2:$E$351,$A15)=1,", "&Wizards!$B$3,"")) | K15: =IF($A15="","",IF(INDEX(Matrix!$F$2:$F$351,$A15)=1,", "&Wizards!$B$4,"")) | L15: =IF($A15="","",IF(INDEX(Matrix!$G$2:$G$351,$A15)=1,", "&Wizards!$B$5,"")) | M15: =IF($A15="","",IF(INDEX(Matrix!$H$2:$H$351,$A15)=1,", "&Wizards!$B$6,"")) | N15: =IF($A15="","",IF(INDEX(Matrix!$I$2:$I$351,$A15)=1,", "&Wizards!$B$7,"")) | O15: =IF($A15="","",IF(INDEX(Matrix!$J$2:$J$351,$A15)=1,", "&Wizards!$B$8,"")) | P15: =IF($A15="","",IF(INDEX(Matrix!$K$2:$K$351,$A15)=1,", "&Wizards!$B$9,"")) | Q15: =IF($A15="","",IF(INDEX(Matrix!$L$2:$L$351,$A15)=1,", "&Wizards!$B$10,"")) | R15: =IF($A15="","",IF(INDEX(Matrix!$M$2:$M$351,$A15)=1,", "&Wizards!$B$11,"")) | S15: =IF($A15="","",IF(INDEX(Matrix!$N$2:$N$351,$A15)=1,", "&Wizards!$B$12,"")) | T15: =IF($A15="","",IF(INDEX(Matrix!$O$2:$O$351,$A15)=1,", "&Wizards!$B$13,"")) | U15: =IF($A15="","",IF(INDEX(Matrix!$P$2:$P$351,$A15)=1,", "&Wizards!$B$14,"")) | V15: =IF($A15="","",IF(INDEX(Matrix!$Q$2:$Q$351,$A15)=1,", "&Wizards!$B$15,"")) | W15: =IF($A15="","",IF(INDEX(Matrix!$R$2:$R$351,$A15)=1,", "&Wizards!$B$16,"")) | X15: =IF($A15="","",IF(INDEX(Matrix!$S$2:$S$351,$A15)=1,", "&Wizards!$B$17,"")) | Y15: =IF($A15="","",IF(INDEX(Matrix!$T$2:$T$351,$A15)=1,", "&Wizards!$B$18,"")) | Z15: =IF($A15="","",IF(INDEX(Matrix!$U$2:$U$351,$A15)=1,", "&Wizards!$B$19,"")) | AA15: =IF($A15="","",IF(INDEX(Matrix!$V$2:$V$351,$A15)=1,", "&Wizards!$B$20,"")) | AB15: =IF($A15="","",IF(INDEX(Matrix!$W$2:$W$351,$A15)=1,", "&Wizards!$B$21,"")) | AC15: =IF($A15="","",IF(INDEX(Matrix!$X$2:$X$351,$A15)=1,", "&Wizards!$B$22,"")) | AD15: =IF($A15="","",IF(INDEX(Matrix!$Y$2:$Y$351,$A15)=1,", "&Wizards!$B$23,"")) | AE15: =IF($A15="","",IF(INDEX(Matrix!$Z$2:$Z$351,$A15)=1,", "&Wizards!$B$24,"")) | AF15: =IF($A15="","",IF(INDEX(Matrix!$AA$2:$AA$351,$A15)=1,", "&Wizards!$B$25,""))
A16: =IFERROR(SMALL(Calc!$A$2:$A$351,5),"") | B16: =IF($A16="","",INDEX(Spells!$B$2:$B$351,$A16)) | C16: =IF($A16="","",INDEX(Spells!$A$2:$A$351,$A16)) | D16: =IF($A16="","",$C16*50) | E16: =IF($A16="","",INDEX(Matrix!$AZ$2:$AZ$351,$A16)) | F16: =IF($A16="","",MID($I16&$J16&$K16&$L16&$M16&$N16&$O16&$P16&$Q16&$R16&$S16&$T16&$U16&$V16&$W16&$X16&$Y16&$Z16&$AA16&$AB16&$AC16&$AD16&$AE16&$AF16,3,32767)) | H16: =IF($A16="","","; "&$B16&" (L"&$C16&", "&$D16&" GP) from "&$E16) | I16: =IF($A16="","",IF(INDEX(Matrix!$D$2:$D$351,$A16)=1,", "&Wizards!$B$2,"")) | J16: =IF($A16="","",IF(INDEX(Matrix!$E$2:$E$351,$A16)=1,", "&Wizards!$B$3,"")) | K16: =IF($A16="","",IF(INDEX(Matrix!$F$2:$F$351,$A16)=1,", "&Wizards!$B$4,"")) | L16: =IF($A16="","",IF(INDEX(Matrix!$G$2:$G$351,$A16)=1,", "&Wizards!$B$5,"")) | M16: =IF($A16="","",IF(INDEX(Matrix!$H$2:$H$351,$A16)=1,", "&Wizards!$B$6,"")) | N16: =IF($A16="","",IF(INDEX(Matrix!$I$2:$I$351,$A16)=1,", "&Wizards!$B$7,"")) | O16: =IF($A16="","",IF(INDEX(Matrix!$J$2:$J$351,$A16)=1,", "&Wizards!$B$8,"")) | P16: =IF($A16="","",IF(INDEX(Matrix!$K$2:$K$351,$A16)=1,", "&Wizards!$B$9,"")) | Q16: =IF($A16="","",IF(INDEX(Matrix!$L$2:$L$351,$A16)=1,", "&Wizards!$B$10,"")) | R16: =IF($A16="","",IF(INDEX(Matrix!$M$2:$M$351,$A16)=1,", "&Wizards!$B$11,"")) | S16: =IF($A16="","",IF(INDEX(Matrix!$N$2:$N$351,$A16)=1,", "&Wizards!$B$12,"")) | T16: =IF($A16="","",IF(INDEX(Matrix!$O$2:$O$351,$A16)=1,", "&Wizards!$B$13,"")) | U16: =IF($A16="","",IF(INDEX(Matrix!$P$2:$P$351,$A16)=1,", "&Wizards!$B$14,"")) | V16: =IF($A16="","",IF(INDEX(Matrix!$Q$2:$Q$351,$A16)=1,", "&Wizards!$B$15,"")) | W16: =IF($A16="","",IF(INDEX(Matrix!$R$2:$R$351,$A16)=1,", "&Wizards!$B$16,"")) | X16: =IF($A16="","",IF(INDEX(Matrix!$S$2:$S$351,$A16)=1,", "&Wizards!$B$17,"")) | Y16: =IF($A16="","",IF(INDEX(Matrix!$T$2:$T$351,$A16)=1,", "&Wizards!$B$18,"")) | Z16: =IF($A16="","",IF(INDEX(Matrix!$U$2:$U$351,$A16)=1,", "&Wizards!$B$19,"")) | AA16: =IF($A16="","",IF(INDEX(Matrix!$V$2:$V$351,$A16)=1,", "&Wizards!$B$20,"")) | AB16: =IF($A16="","",IF(INDEX(Matrix!$W$2:$W$351,$A16)=1,", "&Wizards!$B$21,"")) | AC16: =IF($A16="","",IF(INDEX(Matrix!$X$2:$X$351,$A16)=1,", "&Wizards!$B$22,"")) | AD16: =IF($A16="","",IF(INDEX(Matrix!$Y$2:$Y$351,$A16)=1,", "&Wizards!$B$23,"")) | AE16: =IF($A16="","",IF(INDEX(Matrix!$Z$2:$Z$351,$A16)=1,", "&Wizards!$B$24,"")) | AF16: =IF($A16="","",IF(INDEX(Matrix!$AA$2:$AA$351,$A16)=1,", "&Wizards!$B$25,""))
A17: =IFERROR(SMALL(Calc!$A$2:$A$351,6),"") | B17: =IF($A17="","",INDEX(Spells!$B$2:$B$351,$A17)) | C17: =IF($A17="","",INDEX(Spells!$A$2:$A$351,$A17)) | D17: =IF($A17="","",$C17*50) | E17: =IF($A17="","",INDEX(Matrix!$AZ$2:$AZ$351,$A17)) | F17: =IF($A17="","",MID($I17&$J17&$K17&$L17&$M17&$N17&$O17&$P17&$Q17&$R17&$S17&$T17&$U17&$V17&$W17&$X17&$Y17&$Z17&$AA17&$AB17&$AC17&$AD17&$AE17&$AF17,3,32767)) | H17: =IF($A17="","","; "&$B17&" (L"&$C17&", "&$D17&" GP) from "&$E17) | I17: =IF($A17="","",IF(INDEX(Matrix!$D$2:$D$351,$A17)=1,", "&Wizards!$B$2,"")) | J17: =IF($A17="","",IF(INDEX(Matrix!$E$2:$E$351,$A17)=1,", "&Wizards!$B$3,"")) | K17: =IF($A17="","",IF(INDEX(Matrix!$F$2:$F$351,$A17)=1,", "&Wizards!$B$4,"")) | L17: =IF($A17="","",IF(INDEX(Matrix!$G$2:$G$351,$A17)=1,", "&Wizards!$B$5,"")) | M17: =IF($A17="","",IF(INDEX(Matrix!$H$2:$H$351,$A17)=1,", "&Wizards!$B$6,"")) | N17: =IF($A17="","",IF(INDEX(Matrix!$I$2:$I$351,$A17)=1,", "&Wizards!$B$7,"")) | O17: =IF($A17="","",IF(INDEX(Matrix!$J$2:$J$351,$A17)=1,", "&Wizards!$B$8,"")) | P17: =IF($A17="","",IF(INDEX(Matrix!$K$2:$K$351,$A17)=1,", "&Wizards!$B$9,"")) | Q17: =IF($A17="","",IF(INDEX(Matrix!$L$2:$L$351,$A17)=1,", "&Wizards!$B$10,"")) | R17: =IF($A17="","",IF(INDEX(Matrix!$M$2:$M$351,$A17)=1,", "&Wizards!$B$11,"")) | S17: =IF($A17="","",IF(INDEX(Matrix!$N$2:$N$351,$A17)=1,", "&Wizards!$B$12,"")) | T17: =IF($A17="","",IF(INDEX(Matrix!$O$2:$O$351,$A17)=1,", "&Wizards!$B$13,"")) | U17: =IF($A17="","",IF(INDEX(Matrix!$P$2:$P$351,$A17)=1,", "&Wizards!$B$14,"")) | V17: =IF($A17="","",IF(INDEX(Matrix!$Q$2:$Q$351,$A17)=1,", "&Wizards!$B$15,"")) | W17: =IF($A17="","",IF(INDEX(Matrix!$R$2:$R$351,$A17)=1,", "&Wizards!$B$16,"")) | X17: =IF($A17="","",IF(INDEX(Matrix!$S$2:$S$351,$A17)=1,", "&Wizards!$B$17,"")) | Y17: =IF($A17="","",IF(INDEX(Matrix!$T$2:$T$351,$A17)=1,", "&Wizards!$B$18,"")) | Z17: =IF($A17="","",IF(INDEX(Matrix!$U$2:$U$351,$A17)=1,", "&Wizards!$B$19,"")) | AA17: =IF($A17="","",IF(INDEX(Matrix!$V$2:$V$351,$A17)=1,", "&Wizards!$B$20,"")) | AB17: =IF($A17="","",IF(INDEX(Matrix!$W$2:$W$351,$A17)=1,", "&Wizards!$B$21,"")) | AC17: =IF($A17="","",IF(INDEX(Matrix!$X$2:$X$351,$A17)=1,", "&Wizards!$B$22,"")) | AD17: =IF($A17="","",IF(INDEX(Matrix!$Y$2:$Y$351,$A17)=1,", "&Wizards!$B$23,"")) | AE17: =IF($A17="","",IF(INDEX(Matrix!$Z$2:$Z$351,$A17)=1,", "&Wizards!$B$24,"")) | AF17: =IF($A17="","",IF(INDEX(Matrix!$AA$2:$AA$351,$A17)=1,", "&Wizards!$B$25,""))
A18: =IFERROR(SMALL(Calc!$A$2:$A$351,7),"") | B18: =IF($A18="","",INDEX(Spells!$B$2:$B$351,$A18)) | C18: =IF($A18="","",INDEX(Spells!$A$2:$A$351,$A18)) | D18: =IF($A18="","",$C18*50) | E18: =IF($A18="","",INDEX(Matrix!$AZ$2:$AZ$351,$A18)) | F18: =IF($A18="","",MID($I18&$J18&$K18&$L18&$M18&$N18&$O18&$P18&$Q18&$R18&$S18&$T18&$U18&$V18&$W18&$X18&$Y18&$Z18&$AA18&$AB18&$AC18&$AD18&$AE18&$AF18,3,32767)) | H18: =IF($A18="","","; "&$B18&" (L"&$C18&", "&$D18&" GP) from "&$E18) | I18: =IF($A18="","",IF(INDEX(Matrix!$D$2:$D$351,$A18)=1,", "&Wizards!$B$2,"")) | J18: =IF($A18="","",IF(INDEX(Matrix!$E$2:$E$351,$A18)=1,", "&Wizards!$B$3,"")) | K18: =IF($A18="","",IF(INDEX(Matrix!$F$2:$F$351,$A18)=1,", "&Wizards!$B$4,"")) | L18: =IF($A18="","",IF(INDEX(Matrix!$G$2:$G$351,$A18)=1,", "&Wizards!$B$5,"")) | M18: =IF($A18="","",IF(INDEX(Matrix!$H$2:$H$351,$A18)=1,", "&Wizards!$B$6,"")) | N18: =IF($A18="","",IF(INDEX(Matrix!$I$2:$I$351,$A18)=1,", "&Wizards!$B$7,"")) | O18: =IF($A18="","",IF(INDEX(Matrix!$J$2:$J$351,$A18)=1,", "&Wizards!$B$8,"")) | P18: =IF($A18="","",IF(INDEX(Matrix!$K$2:$K$351,$A18)=1,", "&Wizards!$B$9,"")) | Q18: =IF($A18="","",IF(INDEX(Matrix!$L$2:$L$351,$A18)=1,", "&Wizards!$B$10,"")) | R18: =IF($A18="","",IF(INDEX(Matrix!$M$2:$M$351,$A18)=1,", "&Wizards!$B$11,"")) | S18: =IF($A18="","",IF(INDEX(Matrix!$N$2:$N$351,$A18)=1,", "&Wizards!$B$12,"")) | T18: =IF($A18="","",IF(INDEX(Matrix!$O$2:$O$351,$A18)=1,", "&Wizards!$B$13,"")) | U18: =IF($A18="","",IF(INDEX(Matrix!$P$2:$P$351,$A18)=1,", "&Wizards!$B$14,"")) | V18: =IF($A18="","",IF(INDEX(Matrix!$Q$2:$Q$351,$A18)=1,", "&Wizards!$B$15,"")) | W18: =IF($A18="","",IF(INDEX(Matrix!$R$2:$R$351,$A18)=1,", "&Wizards!$B$16,"")) | X18: =IF($A18="","",IF(INDEX(Matrix!$S$2:$S$351,$A18)=1,", "&Wizards!$B$17,"")) | Y18: =IF($A18="","",IF(INDEX(Matrix!$T$2:$T$351,$A18)=1,", "&Wizards!$B$18,"")) | Z18: =IF($A18="","",IF(INDEX(Matrix!$U$2:$U$351,$A18)=1,", "&Wizards!$B$19,"")) | AA18: =IF($A18="","",IF(INDEX(Matrix!$V$2:$V$351,$A18)=1,", "&Wizards!$B$20,"")) | AB18: =IF($A18="","",IF(INDEX(Matrix!$W$2:$W$351,$A18)=1,", "&Wizards!$B$21,"")) | AC18: =IF($A18="","",IF(INDEX(Matrix!$X$2:$X$351,$A18)=1,", "&Wizards!$B$22,"")) | AD18: =IF($A18="","",IF(INDEX(Matrix!$Y$2:$Y$351,$A18)=1,", "&Wizards!$B$23,"")) | AE18: =IF($A18="","",IF(INDEX(Matrix!$Z$2:$Z$351,$A18)=1,", "&Wizards!$B$24,"")) | AF18: =IF($A18="","",IF(INDEX(Matrix!$AA$2:$AA$351,$A18)=1,", "&Wizards!$B$25,""))
A19: =IFERROR(SMALL(Calc!$A$2:$A$351,8),"") | B19: =IF($A19="","",INDEX(Spells!$B$2:$B$351,$A19)) | C19: =IF($A19="","",INDEX(Spells!$A$2:$A$351,$A19)) | D19: =IF($A19="","",$C19*50) | E19: =IF($A19="","",INDEX(Matrix!$AZ$2:$AZ$351,$A19)) | F19: =IF($A19="","",MID($I19&$J19&$K19&$L19&$M19&$N19&$O19&$P19&$Q19&$R19&$S19&$T19&$U19&$V19&$W19&$X19&$Y19&$Z19&$AA19&$AB19&$AC19&$AD19&$AE19&$AF19,3,32767)) | H19: =IF($A19="","","; "&$B19&" (L"&$C19&", "&$D19&" GP) from "&$E19) | I19: =IF($A19="","",IF(INDEX(Matrix!$D$2:$D$351,$A19)=1,", "&Wizards!$B$2,"")) | J19: =IF($A19="","",IF(INDEX(Matrix!$E$2:$E$351,$A19)=1,", "&Wizards!$B$3,"")) | K19: =IF($A19="","",IF(INDEX(Matrix!$F$2:$F$351,$A19)=1,", "&Wizards!$B$4,"")) | L19: =IF($A19="","",IF(INDEX(Matrix!$G$2:$G$351,$A19)=1,", "&Wizards!$B$5,"")) | M19: =IF($A19="","",IF(INDEX(Matrix!$H$2:$H$351,$A19)=1,", "&Wizards!$B$6,"")) | N19: =IF($A19="","",IF(INDEX(Matrix!$I$2:$I$351,$A19)=1,", "&Wizards!$B$7,"")) | O19: =IF($A19="","",IF(INDEX(Matrix!$J$2:$J$351,$A19)=1,", "&Wizards!$B$8,"")) | P19: =IF($A19="","",IF(INDEX(Matrix!$K$2:$K$351,$A19)=1,", "&Wizards!$B$9,"")) | Q19: =IF($A19="","",IF(INDEX(Matrix!$L$2:$L$351,$A19)=1,", "&Wizards!$B$10,"")) | R19: =IF($A19="","",IF(INDEX(Matrix!$M$2:$M$351,$A19)=1,", "&Wizards!$B$11,"")) | S19: =IF($A19="","",IF(INDEX(Matrix!$N$2:$N$351,$A19)=1,", "&Wizards!$B$12,"")) | T19: =IF($A19="","",IF(INDEX(Matrix!$O$2:$O$351,$A19)=1,", "&Wizards!$B$13,"")) | U19: =IF($A19="","",IF(INDEX(Matrix!$P$2:$P$351,$A19)=1,", "&Wizards!$B$14,"")) | V19: =IF($A19="","",IF(INDEX(Matrix!$Q$2:$Q$351,$A19)=1,", "&Wizards!$B$15,"")) | W19: =IF($A19="","",IF(INDEX(Matrix!$R$2:$R$351,$A19)=1,", "&Wizards!$B$16,"")) | X19: =IF($A19="","",IF(INDEX(Matrix!$S$2:$S$351,$A19)=1,", "&Wizards!$B$17,"")) | Y19: =IF($A19="","",IF(INDEX(Matrix!$T$2:$T$351,$A19)=1,", "&Wizards!$B$18,"")) | Z19: =IF($A19="","",IF(INDEX(Matrix!$U$2:$U$351,$A19)=1,", "&Wizards!$B$19,"")) | AA19: =IF($A19="","",IF(INDEX(Matrix!$V$2:$V$351,$A19)=1,", "&Wizards!$B$20,"")) | AB19: =IF($A19="","",IF(INDEX(Matrix!$W$2:$W$351,$A19)=1,", "&Wizards!$B$21,"")) | AC19: =IF($A19="","",IF(INDEX(Matrix!$X$2:$X$351,$A19)=1,", "&Wizards!$B$22,"")) | AD19: =IF($A19="","",IF(INDEX(Matrix!$Y$2:$Y$351,$A19)=1,", "&Wizards!$B$23,"")) | AE19: =IF($A19="","",IF(INDEX(Matrix!$Z$2:$Z$351,$A19)=1,", "&Wizards!$B$24,"")) | AF19: =IF($A19="","",IF(INDEX(Matrix!$AA$2:$AA$351,$A19)=1,", "&Wizards!$B$25,""))
A20: =IFERROR(SMALL(Calc!$A$2:$A$351,9),"") | B20: =IF($A20="","",INDEX(Spells!$B$2:$B$351,$A20)) | C20: =IF($A20="","",INDEX(Spells!$A$2:$A$351,$A20)) | D20: =IF($A20="","",$C20*50) | E20: =IF($A20="","",INDEX(Matrix!$AZ$2:$AZ$351,$A20)) | F20: =IF($A20="","",MID($I20&$J20&$K20&$L20&$M20&$N20&$O20&$P20&$Q20&$R20&$S20&$T20&$U20&$V20&$W20&$X20&$Y20&$Z20&$AA20&$AB20&$AC20&$AD20&$AE20&$AF20,3,32767)) | H20: =IF($A20="","","; "&$B20&" (L"&$C20&", "&$D20&" GP) from "&$E20) | I20: =IF($A20="","",IF(INDEX(Matrix!$D$2:$D$351,$A20)=1,", "&Wizards!$B$2,"")) | J20: =IF($A20="","",IF(INDEX(Matrix!$E$2:$E$351,$A20)=1,", "&Wizards!$B$3,"")) | K20: =IF($A20="","",IF(INDEX(Matrix!$F$2:$F$351,$A20)=1,", "&Wizards!$B$4,"")) | L20: =IF($A20="","",IF(INDEX(Matrix!$G$2:$G$351,$A20)=1,", "&Wizards!$B$5,"")) | M20: =IF($A20="","",IF(INDEX(Matrix!$H$2:$H$351,$A20)=1,", "&Wizards!$B$6,"")) | N20: =IF($A20="","",IF(INDEX(Matrix!$I$2:$I$351,$A20)=1,", "&Wizards!$B$7,"")) | O20: =IF($A20="","",IF(INDEX(Matrix!$J$2:$J$351,$A20)=1,", "&Wizards!$B$8,"")) | P20: =IF($A20="","",IF(INDEX(Matrix!$K$2:$K$351,$A20)=1,", "&Wizards!$B$9,"")) | Q20: =IF($A20="","",IF(INDEX(Matrix!$L$2:$L$351,$A20)=1,", "&Wizards!$B$10,"")) | R20: =IF($A20="","",IF(INDEX(Matrix!$M$2:$M$351,$A20)=1,", "&Wizards!$B$11,"")) | S20: =IF($A20="","",IF(INDEX(Matrix!$N$2:$N$351,$A20)=1,", "&Wizards!$B$12,"")) | T20: =IF($A20="","",IF(INDEX(Matrix!$O$2:$O$351,$A20)=1,", "&Wizards!$B$13,"")) | U20: =IF($A20="","",IF(INDEX(Matrix!$P$2:$P$351,$A20)=1,", "&Wizards!$B$14,"")) | V20: =IF($A20="","",IF(INDEX(Matrix!$Q$2:$Q$351,$A20)=1,", "&Wizards!$B$15,"")) | W20: =IF($A20="","",IF(INDEX(Matrix!$R$2:$R$351,$A20)=1,", "&Wizards!$B$16,"")) | X20: =IF($A20="","",IF(INDEX(Matrix!$S$2:$S$351,$A20)=1,", "&Wizards!$B$17,"")) | Y20: =IF($A20="","",IF(INDEX(Matrix!$T$2:$T$351,$A20)=1,", "&Wizards!$B$18,"")) | Z20: =IF($A20="","",IF(INDEX(Matrix!$U$2:$U$351,$A20)=1,", "&Wizards!$B$19,"")) | AA20: =IF($A20="","",IF(INDEX(Matrix!$V$2:$V$351,$A20)=1,", "&Wizards!$B$20,"")) | AB20: =IF($A20="","",IF(INDEX(Matrix!$W$2:$W$351,$A20)=1,", "&Wizards!$B$21,"")) | AC20: =IF($A20="","",IF(INDEX(Matrix!$X$2:$X$351,$A20)=1,", "&Wizards!$B$22,"")) | AD20: =IF($A20="","",IF(INDEX(Matrix!$Y$2:$Y$351,$A20)=1,", "&Wizards!$B$23,"")) | AE20: =IF($A20="","",IF(INDEX(Matrix!$Z$2:$Z$351,$A20)=1,", "&Wizards!$B$24,"")) | AF20: =IF($A20="","",IF(INDEX(Matrix!$AA$2:$AA$351,$A20)=1,", "&Wizards!$B$25,""))
A21: =IFERROR(SMALL(Calc!$A$2:$A$351,10),"") | B21: =IF($A21="","",INDEX(Spells!$B$2:$B$351,$A21)) | C21: =IF($A21="","",INDEX(Spells!$A$2:$A$351,$A21)) | D21: =IF($A21="","",$C21*50) | E21: =IF($A21="","",INDEX(Matrix!$AZ$2:$AZ$351,$A21)) | F21: =IF($A21="","",MID($I21&$J21&$K21&$L21&$M21&$N21&$O21&$P21&$Q21&$R21&$S21&$T21&$U21&$V21&$W21&$X21&$Y21&$Z21&$AA21&$AB21&$AC21&$AD21&$AE21&$AF21,3,32767)) | H21: =IF($A21="","","; "&$B21&" (L"&$C21&", "&$D21&" GP) from "&$E21) | I21: =IF($A21="","",IF(INDEX(Matrix!$D$2:$D$351,$A21)=1,", "&Wizards!$B$2,"")) | J21: =IF($A21="","",IF(INDEX(Matrix!$E$2:$E$351,$A21)=1,", "&Wizards!$B$3,"")) | K21: =IF($A21="","",IF(INDEX(Matrix!$F$2:$F$351,$A21)=1,", "&Wizards!$B$4,"")) | L21: =IF($A21="","",IF(INDEX(Matrix!$G$2:$G$351,$A21)=1,", "&Wizards!$B$5,"")) | M21: =IF($A21="","",IF(INDEX(Matrix!$H$2:$H$351,$A21)=1,", "&Wizards!$B$6,"")) | N21: =IF($A21="","",IF(INDEX(Matrix!$I$2:$I$351,$A21)=1,", "&Wizards!$B$7,"")) | O21: =IF($A21="","",IF(INDEX(Matrix!$J$2:$J$351,$A21)=1,", "&Wizards!$B$8,"")) | P21: =IF($A21="","",IF(INDEX(Matrix!$K$2:$K$351,$A21)=1,", "&Wizards!$B$9,"")) | Q21: =IF($A21="","",IF(INDEX(Matrix!$L$2:$L$351,$A21)=1,", "&Wizards!$B$10,"")) | R21: =IF($A21="","",IF(INDEX(Matrix!$M$2:$M$351,$A21)=1,", "&Wizards!$B$11,"")) | S21: =IF($A21="","",IF(INDEX(Matrix!$N$2:$N$351,$A21)=1,", "&Wizards!$B$12,"")) | T21: =IF($A21="","",IF(INDEX(Matrix!$O$2:$O$351,$A21)=1,", "&Wizards!$B$13,"")) | U21: =IF($A21="","",IF(INDEX(Matrix!$P$2:$P$351,$A21)=1,", "&Wizards!$B$14,"")) | V21: =IF($A21="","",IF(INDEX(Matrix!$Q$2:$Q$351,$A21)=1,", "&Wizards!$B$15,"")) | W21: =IF($A21="","",IF(INDEX(Matrix!$R$2:$R$351,$A21)=1,", "&Wizards!$B$16,"")) | X21: =IF($A21="","",IF(INDEX(Matrix!$S$2:$S$351,$A21)=1,", "&Wizards!$B$17,"")) | Y21: =IF($A21="","",IF(INDEX(Matrix!$T$2:$T$351,$A21)=1,", "&Wizards!$B$18,"")) | Z21: =IF($A21="","",IF(INDEX(Matrix!$U$2:$U$351,$A21)=1,", "&Wizards!$B$19,"")) | AA21: =IF($A21="","",IF(INDEX(Matrix!$V$2:$V$351,$A21)=1,", "&Wizards!$B$20,"")) | AB21: =IF($A21="","",IF(INDEX(Matrix!$W$2:$W$351,$A21)=1,", "&Wizards!$B$21,"")) | AC21: =IF($A21="","",IF(INDEX(Matrix!$X$2:$X$351,$A21)=1,", "&Wizards!$B$22,"")) | AD21: =IF($A21="","",IF(INDEX(Matrix!$Y$2:$Y$351,$A21)=1,", "&Wizards!$B$23,"")) | AE21: =IF($A21="","",IF(INDEX(Matrix!$Z$2:$Z$351,$A21)=1,", "&Wizards!$B$24,"")) | AF21: =IF($A21="","",IF(INDEX(Matrix!$AA$2:$AA$351,$A21)=1,", "&Wizards!$B$25,""))
A22: =IFERROR(SMALL(Calc!$A$2:$A$351,11),"") | B22: =IF($A22="","",INDEX(Spells!$B$2:$B$351,$A22)) | C22: =IF($A22="","",INDEX(Spells!$A$2:$A$351,$A22)) | D22: =IF($A22="","",$C22*50) | E22: =IF($A22="","",INDEX(Matrix!$AZ$2:$AZ$351,$A22)) | F22: =IF($A22="","",MID($I22&$J22&$K22&$L22&$M22&$N22&$O22&$P22&$Q22&$R22&$S22&$T22&$U22&$V22&$W22&$X22&$Y22&$Z22&$AA22&$AB22&$AC22&$AD22&$AE22&$AF22,3,32767)) | H22: =IF($A22="","","; "&$B22&" (L"&$C22&", "&$D22&" GP) from "&$E22) | I22: =IF($A22="","",IF(INDEX(Matrix!$D$2:$D$351,$A22)=1,", "&Wizards!$B$2,"")) | J22: =IF($A22="","",IF(INDEX(Matrix!$E$2:$E$351,$A22)=1,", "&Wizards!$B$3,"")) | K22: =IF($A22="","",IF(INDEX(Matrix!$F$2:$F$351,$A22)=1,", "&Wizards!$B$4,"")) | L22: =IF($A22="","",IF(INDEX(Matrix!$G$2:$G$351,$A22)=1,", "&Wizards!$B$5,"")) | M22: =IF($A22="","",IF(INDEX(Matrix!$H$2:$H$351,$A22)=1,", "&Wizards!$B$6,"")) | N22: =IF($A22="","",IF(INDEX(Matrix!$I$2:$I$351,$A22)=1,", "&Wizards!$B$7,"")) | O22: =IF($A22="","",IF(INDEX(Matrix!$J$2:$J$351,$A22)=1,", "&Wizards!$B$8,"")) | P22: =IF($A22="","",IF(INDEX(Matrix!$K$2:$K$351,$A22)=1,", "&Wizards!$B$9,"")) | Q22: =IF($A22="","",IF(INDEX(Matrix!$L$2:$L$351,$A22)=1,", "&Wizards!$B$10,"")) | R22: =IF($A22="","",IF(INDEX(Matrix!$M$2:$M$351,$A22)=1,", "&Wizards!$B$11,"")) | S22: =IF($A22="","",IF(INDEX(Matrix!$N$2:$N$351,$A22)=1,", "&Wizards!$B$12,"")) | T22: =IF($A22="","",IF(INDEX(Matrix!$O$2:$O$351,$A22)=1,", "&Wizards!$B$13,"")) | U22: =IF($A22="","",IF(INDEX(Matrix!$P$2:$P$351,$A22)=1,", "&Wizards!$B$14,"")) | V22: =IF($A22="","",IF(INDEX(Matrix!$Q$2:$Q$351,$A22)=1,", "&Wizards!$B$15,"")) | W22: =IF($A22="","",IF(INDEX(Matrix!$R$2:$R$351,$A22)=1,", "&Wizards!$B$16,"")) | X22: =IF($A22="","",IF(INDEX(Matrix!$S$2:$S$351,$A22)=1,", "&Wizards!$B$17,"")) | Y22: =IF($A22="","",IF(INDEX(Matrix!$T$2:$T$351,$A22)=1,", "&Wizards!$B$18,"")) | Z22: =IF($A22="","",IF(INDEX(Matrix!$U$2:$U$351,$A22)=1,", "&Wizards!$B$19,"")) | AA22: =IF($A22="","",IF(INDEX(Matrix!$V$2:$V$351,$A22)=1,", "&Wizards!$B$20,"")) | AB22: =IF($A22="","",IF(INDEX(Matrix!$W$2:$W$351,$A22)=1,", "&Wizards!$B$21,"")) | AC22: =IF($A22="","",IF(INDEX(Matrix!$X$2:$X$351,$A22)=1,", "&Wizards!$B$22,"")) | AD22: =IF($A22="","",IF(INDEX(Matrix!$Y$2:$Y$351,$A22)=1,", "&Wizards!$B$23,"")) | AE22: =IF($A22="","",IF(INDEX(Matrix!$Z$2:$Z$351,$A22)=1,", "&Wizards!$B$24,"")) | AF22: =IF($A22="","",IF(INDEX(Matrix!$AA$2:$AA$351,$A22)=1,", "&Wizards!$B$25,""))
A23: =IFERROR(SMALL(Calc!$A$2:$A$351,12),"") | B23: =IF($A23="","",INDEX(Spells!$B$2:$B$351,$A23)) | C23: =IF($A23="","",INDEX(Spells!$A$2:$A$351,$A23)) | D23: =IF($A23="","",$C23*50) | E23: =IF($A23="","",INDEX(Matrix!$AZ$2:$AZ$351,$A23)) | F23: =IF($A23="","",MID($I23&$J23&$K23&$L23&$M23&$N23&$O23&$P23&$Q23&$R23&$S23&$T23&$U23&$V23&$W23&$X23&$Y23&$Z23&$AA23&$AB23&$AC23&$AD23&$AE23&$AF23,3,32767)) | H23: =IF($A23="","","; "&$B23&" (L"&$C23&", "&$D23&" GP) from "&$E23) | I23: =IF($A23="","",IF(INDEX(Matrix!$D$2:$D$351,$A23)=1,", "&Wizards!$B$2,"")) | J23: =IF($A23="","",IF(INDEX(Matrix!$E$2:$E$351,$A23)=1,", "&Wizards!$B$3,"")) | K23: =IF($A23="","",IF(INDEX(Matrix!$F$2:$F$351,$A23)=1,", "&Wizards!$B$4,"")) | L23: =IF($A23="","",IF(INDEX(Matrix!$G$2:$G$351,$A23)=1,", "&Wizards!$B$5,"")) | M23: =IF($A23="","",IF(INDEX(Matrix!$H$2:$H$351,$A23)=1,", "&Wizards!$B$6,"")) | N23: =IF($A23="","",IF(INDEX(Matrix!$I$2:$I$351,$A23)=1,", "&Wizards!$B$7,"")) | O23: =IF($A23="","",IF(INDEX(Matrix!$J$2:$J$351,$A23)=1,", "&Wizards!$B$8,"")) | P23: =IF($A23="","",IF(INDEX(Matrix!$K$2:$K$351,$A23)=1,", "&Wizards!$B$9,"")) | Q23: =IF($A23="","",IF(INDEX(Matrix!$L$2:$L$351,$A23)=1,", "&Wizards!$B$10,"")) | R23: =IF($A23="","",IF(INDEX(Matrix!$M$2:$M$351,$A23)=1,", "&Wizards!$B$11,"")) | S23: =IF($A23="","",IF(INDEX(Matrix!$N$2:$N$351,$A23)=1,", "&Wizards!$B$12,"")) | T23: =IF($A23="","",IF(INDEX(Matrix!$O$2:$O$351,$A23)=1,", "&Wizards!$B$13,"")) | U23: =IF($A23="","",IF(INDEX(Matrix!$P$2:$P$351,$A23)=1,", "&Wizards!$B$14,"")) | V23: =IF($A23="","",IF(INDEX(Matrix!$Q$2:$Q$351,$A23)=1,", "&Wizards!$B$15,"")) | W23: =IF($A23="","",IF(INDEX(Matrix!$R$2:$R$351,$A23)=1,", "&Wizards!$B$16,"")) | X23: =IF($A23="","",IF(INDEX(Matrix!$S$2:$S$351,$A23)=1,", "&Wizards!$B$17,"")) | Y23: =IF($A23="","",IF(INDEX(Matrix!$T$2:$T$351,$A23)=1,", "&Wizards!$B$18,"")) | Z23: =IF($A23="","",IF(INDEX(Matrix!$U$2:$U$351,$A23)=1,", "&Wizards!$B$19,"")) | AA23: =IF($A23="","",IF(INDEX(Matrix!$V$2:$V$351,$A23)=1,", "&Wizards!$B$20,"")) | AB23: =IF($A23="","",IF(INDEX(Matrix!$W$2:$W$351,$A23)=1,", "&Wizards!$B$21,"")) | AC23: =IF($A23="","",IF(INDEX(Matrix!$X$2:$X$351,$A23)=1,", "&Wizards!$B$22,"")) | AD23: =IF($A23="","",IF(INDEX(Matrix!$Y$2:$Y$351,$A23)=1,", "&Wizards!$B$23,"")) | AE23: =IF($A23="","",IF(INDEX(Matrix!$Z$2:$Z$351,$A23)=1,", "&Wizards!$B$24,"")) | AF23: =IF($A23="","",IF(INDEX(Matrix!$AA$2:$AA$351,$A23)=1,", "&Wizards!$B$25,""))
A24: =IFERROR(SMALL(Calc!$A$2:$A$351,13),"") | B24: =IF($A24="","",INDEX(Spells!$B$2:$B$351,$A24)) | C24: =IF($A24="","",INDEX(Spells!$A$2:$A$351,$A24)) | D24: =IF($A24="","",$C24*50) | E24: =IF($A24="","",INDEX(Matrix!$AZ$2:$AZ$351,$A24)) | F24: =IF($A24="","",MID($I24&$J24&$K24&$L24&$M24&$N24&$O24&$P24&$Q24&$R24&$S24&$T24&$U24&$V24&$W24&$X24&$Y24&$Z24&$AA24&$AB24&$AC24&$AD24&$AE24&$AF24,3,32767)) | H24: =IF($A24="","","; "&$B24&" (L"&$C24&", "&$D24&" GP) from "&$E24) | I24: =IF($A24="","",IF(INDEX(Matrix!$D$2:$D$351,$A24)=1,", "&Wizards!$B$2,"")) | J24: =IF($A24="","",IF(INDEX(Matrix!$E$2:$E$351,$A24)=1,", "&Wizards!$B$3,"")) | K24: =IF($A24="","",IF(INDEX(Matrix!$F$2:$F$351,$A24)=1,", "&Wizards!$B$4,"")) | L24: =IF($A24="","",IF(INDEX(Matrix!$G$2:$G$351,$A24)=1,", "&Wizards!$B$5,"")) | M24: =IF($A24="","",IF(INDEX(Matrix!$H$2:$H$351,$A24)=1,", "&Wizards!$B$6,"")) | N24: =IF($A24="","",IF(INDEX(Matrix!$I$2:$I$351,$A24)=1,", "&Wizards!$B$7,"")) | O24: =IF($A24="","",IF(INDEX(Matrix!$J$2:$J$351,$A24)=1,", "&Wizards!$B$8,"")) | P24: =IF($A24="","",IF(INDEX(Matrix!$K$2:$K$351,$A24)=1,", "&Wizards!$B$9,"")) | Q24: =IF($A24="","",IF(INDEX(Matrix!$L$2:$L$351,$A24)=1,", "&Wizards!$B$10,"")) | R24: =IF($A24="","",IF(INDEX(Matrix!$M$2:$M$351,$A24)=1,", "&Wizards!$B$11,"")) | S24: =IF($A24="","",IF(INDEX(Matrix!$N$2:$N$351,$A24)=1,", "&Wizards!$B$12,"")) | T24: =IF($A24="","",IF(INDEX(Matrix!$O$2:$O$351,$A24)=1,", "&Wizards!$B$13,"")) | U24: =IF($A24="","",IF(INDEX(Matrix!$P$2:$P$351,$A24)=1,", "&Wizards!$B$14,"")) | V24: =IF($A24="","",IF(INDEX(Matrix!$Q$2:$Q$351,$A24)=1,", "&Wizards!$B$15,"")) | W24: =IF($A24="","",IF(INDEX(Matrix!$R$2:$R$351,$A24)=1,", "&Wizards!$B$16,"")) | X24: =IF($A24="","",IF(INDEX(Matrix!$S$2:$S$351,$A24)=1,", "&Wizards!$B$17,"")) | Y24: =IF($A24="","",IF(INDEX(Matrix!$T$2:$T$351,$A24)=1,", "&Wizards!$B$18,"")) | Z24: =IF($A24="","",IF(INDEX(Matrix!$U$2:$U$351,$A24)=1,", "&Wizards!$B$19,"")) | AA24: =IF($A24="","",IF(INDEX(Matrix!$V$2:$V$351,$A24)=1,", "&Wizards!$B$20,"")) | AB24: =IF($A24="","",IF(INDEX(Matrix!$W$2:$W$351,$A24)=1,", "&Wizards!$B$21,"")) | AC24: =IF($A24="","",IF(INDEX(Matrix!$X$2:$X$351,$A24)=1,", "&Wizards!$B$22,"")) | AD24: =IF($A24="","",IF(INDEX(Matrix!$Y$2:$Y$351,$A24)=1,", "&Wizards!$B$23,"")) | AE24: =IF($A24="","",IF(INDEX(Matrix!$Z$2:$Z$351,$A24)=1,", "&Wizards!$B$24,"")) | AF24: =IF($A24="","",IF(INDEX(Matrix!$AA$2:$AA$351,$A24)=1,", "&Wizards!$B$25,""))
A25: =IFERROR(SMALL(Calc!$A$2:$A$351,14),"") | B25: =IF($A25="","",INDEX(Spells!$B$2:$B$351,$A25)) | C25: =IF($A25="","",INDEX(Spells!$A$2:$A$351,$A25)) | D25: =IF($A25="","",$C25*50) | E25: =IF($A25="","",INDEX(Matrix!$AZ$2:$AZ$351,$A25)) | F25: =IF($A25="","",MID($I25&$J25&$K25&$L25&$M25&$N25&$O25&$P25&$Q25&$R25&$S25&$T25&$U25&$V25&$W25&$X25&$Y25&$Z25&$AA25&$AB25&$AC25&$AD25&$AE25&$AF25,3,32767)) | H25: =IF($A25="","","; "&$B25&" (L"&$C25&", "&$D25&" GP) from "&$E25) | I25: =IF($A25="","",IF(INDEX(Matrix!$D$2:$D$351,$A25)=1,", "&Wizards!$B$2,"")) | J25: =IF($A25="","",IF(INDEX(Matrix!$E$2:$E$351,$A25)=1,", "&Wizards!$B$3,"")) | K25: =IF($A25="","",IF(INDEX(Matrix!$F$2:$F$351,$A25)=1,", "&Wizards!$B$4,"")) | L25: =IF($A25="","",IF(INDEX(Matrix!$G$2:$G$351,$A25)=1,", "&Wizards!$B$5,"")) | M25: =IF($A25="","",IF(INDEX(Matrix!$H$2:$H$351,$A25)=1,", "&Wizards!$B$6,"")) | N25: =IF($A25="","",IF(INDEX(Matrix!$I$2:$I$351,$A25)=1,", "&Wizards!$B$7,"")) | O25: =IF($A25="","",IF(INDEX(Matrix!$J$2:$J$351,$A25)=1,", "&Wizards!$B$8,"")) | P25: =IF($A25="","",IF(INDEX(Matrix!$K$2:$K$351,$A25)=1,", "&Wizards!$B$9,"")) | Q25: =IF($A25="","",IF(INDEX(Matrix!$L$2:$L$351,$A25)=1,", "&Wizards!$B$10,"")) | R25: =IF($A25="","",IF(INDEX(Matrix!$M$2:$M$351,$A25)=1,", "&Wizards!$B$11,"")) | S25: =IF($A25="","",IF(INDEX(Matrix!$N$2:$N$351,$A25)=1,", "&Wizards!$B$12,"")) | T25: =IF($A25="","",IF(INDEX(Matrix!$O$2:$O$351,$A25)=1,", "&Wizards!$B$13,"")) | U25: =IF($A25="","",IF(INDEX(Matrix!$P$2:$P$351,$A25)=1,", "&Wizards!$B$14,"")) | V25: =IF($A25="","",IF(INDEX(Matrix!$Q$2:$Q$351,$A25)=1,", "&Wizards!$B$15,"")) | W25: =IF($A25="","",IF(INDEX(Matrix!$R$2:$R$351,$A25)=1,", "&Wizards!$B$16,"")) | X25: =IF($A25="","",IF(INDEX(Matrix!$S$2:$S$351,$A25)=1,", "&Wizards!$B$17,"")) | Y25: =IF($A25="","",IF(INDEX(Matrix!$T$2:$T$351,$A25)=1,", "&Wizards!$B$18,"")) | Z25: =IF($A25="","",IF(INDEX(Matrix!$U$2:$U$351,$A25)=1,", "&Wizards!$B$19,"")) | AA25: =IF($A25="","",IF(INDEX(Matrix!$V$2:$V$351,$A25)=1,", "&Wizards!$B$20,"")) | AB25: =IF($A25="","",IF(INDEX(Matrix!$W$2:$W$351,$A25)=1,", "&Wizards!$B$21,"")) | AC25: =IF($A25="","",IF(INDEX(Matrix!$X$2:$X$351,$A25)=1,", "&Wizards!$B$22,"")) | AD25: =IF($A25="","",IF(INDEX(Matrix!$Y$2:$Y$351,$A25)=1,", "&Wizards!$B$23,"")) | AE25: =IF($A25="","",IF(INDEX(Matrix!$Z$2:$Z$351,$A25)=1,", "&Wizards!$B$24,"")) | AF25: =IF($A25="","",IF(INDEX(Matrix!$AA$2:$AA$351,$A25)=1,", "&Wizards!$B$25,""))
A26: =IFERROR(SMALL(Calc!$A$2:$A$351,15),"") | B26: =IF($A26="","",INDEX(Spells!$B$2:$B$351,$A26)) | C26: =IF($A26="","",INDEX(Spells!$A$2:$A$351,$A26)) | D26: =IF($A26="","",$C26*50) | E26: =IF($A26="","",INDEX(Matrix!$AZ$2:$AZ$351,$A26)) | F26: =IF($A26="","",MID($I26&$J26&$K26&$L26&$M26&$N26&$O26&$P26&$Q26&$R26&$S26&$T26&$U26&$V26&$W26&$X26&$Y26&$Z26&$AA26&$AB26&$AC26&$AD26&$AE26&$AF26,3,32767)) | H26: =IF($A26="","","; "&$B26&" (L"&$C26&", "&$D26&" GP) from "&$E26) | I26: =IF($A26="","",IF(INDEX(Matrix!$D$2:$D$351,$A26)=1,", "&Wizards!$B$2,"")) | J26: =IF($A26="","",IF(INDEX(Matrix!$E$2:$E$351,$A26)=1,", "&Wizards!$B$3,"")) | K26: =IF($A26="","",IF(INDEX(Matrix!$F$2:$F$351,$A26)=1,", "&Wizards!$B$4,"")) | L26: =IF($A26="","",IF(INDEX(Matrix!$G$2:$G$351,$A26)=1,", "&Wizards!$B$5,"")) | M26: =IF($A26="","",IF(INDEX(Matrix!$H$2:$H$351,$A26)=1,", "&Wizards!$B$6,"")) | N26: =IF($A26="","",IF(INDEX(Matrix!$I$2:$I$351,$A26)=1,", "&Wizards!$B$7,"")) | O26: =IF($A26="","",IF(INDEX(Matrix!$J$2:$J$351,$A26)=1,", "&Wizards!$B$8,"")) | P26: =IF($A26="","",IF(INDEX(Matrix!$K$2:$K$351,$A26)=1,", "&Wizards!$B$9,"")) | Q26: =IF($A26="","",IF(INDEX(Matrix!$L$2:$L$351,$A26)=1,", "&Wizards!$B$10,"")) | R26: =IF($A26="","",IF(INDEX(Matrix!$M$2:$M$351,$A26)=1,", "&Wizards!$B$11,"")) | S26: =IF($A26="","",IF(INDEX(Matrix!$N$2:$N$351,$A26)=1,", "&Wizards!$B$12,"")) | T26: =IF($A26="","",IF(INDEX(Matrix!$O$2:$O$351,$A26)=1,", "&Wizards!$B$13,"")) | U26: =IF($A26="","",IF(INDEX(Matrix!$P$2:$P$351,$A26)=1,", "&Wizards!$B$14,"")) | V26: =IF($A26="","",IF(INDEX(Matrix!$Q$2:$Q$351,$A26)=1,", "&Wizards!$B$15,"")) | W26: =IF($A26="","",IF(INDEX(Matrix!$R$2:$R$351,$A26)=1,", "&Wizards!$B$16,"")) | X26: =IF($A26="","",IF(INDEX(Matrix!$S$2:$S$351,$A26)=1,", "&Wizards!$B$17,"")) | Y26: =IF($A26="","",IF(INDEX(Matrix!$T$2:$T$351,$A26)=1,", "&Wizards!$B$18,"")) | Z26: =IF($A26="","",IF(INDEX(Matrix!$U$2:$U$351,$A26)=1,", "&Wizards!$B$19,"")) | AA26: =IF($A26="","",IF(INDEX(Matrix!$V$2:$V$351,$A26)=1,", "&Wizards!$B$20,"")) | AB26: =IF($A26="","",IF(INDEX(Matrix!$W$2:$W$351,$A26)=1,", "&Wizards!$B$21,"")) | AC26: =IF($A26="","",IF(INDEX(Matrix!$X$2:$X$351,$A26)=1,", "&Wizards!$B$22,"")) | AD26: =IF($A26="","",IF(INDEX(Matrix!$Y$2:$Y$351,$A26)=1,", "&Wizards!$B$23,"")) | AE26: =IF($A26="","",IF(INDEX(Matrix!$Z$2:$Z$351,$A26)=1,", "&Wizards!$B$24,"")) | AF26: =IF($A26="","",IF(INDEX(Matrix!$AA$2:$AA$351,$A26)=1,", "&Wizards!$B$25,""))
A27: =IFERROR(SMALL(Calc!$A$2:$A$351,16),"") | B27: =IF($A27="","",INDEX(Spells!$B$2:$B$351,$A27)) | C27: =IF($A27="","",INDEX(Spells!$A$2:$A$351,$A27)) | D27: =IF($A27="","",$C27*50) | E27: =IF($A27="","",INDEX(Matrix!$AZ$2:$AZ$351,$A27)) | F27: =IF($A27="","",MID($I27&$J27&$K27&$L27&$M27&$N27&$O27&$P27&$Q27&$R27&$S27&$T27&$U27&$V27&$W27&$X27&$Y27&$Z27&$AA27&$AB27&$AC27&$AD27&$AE27&$AF27,3,32767)) | H27: =IF($A27="","","; "&$B27&" (L"&$C27&", "&$D27&" GP) from "&$E27) | I27: =IF($A27="","",IF(INDEX(Matrix!$D$2:$D$351,$A27)=1,", "&Wizards!$B$2,"")) | J27: =IF($A27="","",IF(INDEX(Matrix!$E$2:$E$351,$A27)=1,", "&Wizards!$B$3,"")) | K27: =IF($A27="","",IF(INDEX(Matrix!$F$2:$F$351,$A27)=1,", "&Wizards!$B$4,"")) | L27: =IF($A27="","",IF(INDEX(Matrix!$G$2:$G$351,$A27)=1,", "&Wizards!$B$5,"")) | M27: =IF($A27="","",IF(INDEX(Matrix!$H$2:$H$351,$A27)=1,", "&Wizards!$B$6,"")) | N27: =IF($A27="","",IF(INDEX(Matrix!$I$2:$I$351,$A27)=1,", "&Wizards!$B$7,"")) | O27: =IF($A27="","",IF(INDEX(Matrix!$J$2:$J$351,$A27)=1,", "&Wizards!$B$8,"")) | P27: =IF($A27="","",IF(INDEX(Matrix!$K$2:$K$351,$A27)=1,", "&Wizards!$B$9,"")) | Q27: =IF($A27="","",IF(INDEX(Matrix!$L$2:$L$351,$A27)=1,", "&Wizards!$B$10,"")) | R27: =IF($A27="","",IF(INDEX(Matrix!$M$2:$M$351,$A27)=1,", "&Wizards!$B$11,"")) | S27: =IF($A27="","",IF(INDEX(Matrix!$N$2:$N$351,$A27)=1,", "&Wizards!$B$12,"")) | T27: =IF($A27="","",IF(INDEX(Matrix!$O$2:$O$351,$A27)=1,", "&Wizards!$B$13,"")) | U27: =IF($A27="","",IF(INDEX(Matrix!$P$2:$P$351,$A27)=1,", "&Wizards!$B$14,"")) | V27: =IF($A27="","",IF(INDEX(Matrix!$Q$2:$Q$351,$A27)=1,", "&Wizards!$B$15,"")) | W27: =IF($A27="","",IF(INDEX(Matrix!$R$2:$R$351,$A27)=1,", "&Wizards!$B$16,"")) | X27: =IF($A27="","",IF(INDEX(Matrix!$S$2:$S$351,$A27)=1,", "&Wizards!$B$17,"")) | Y27: =IF($A27="","",IF(INDEX(Matrix!$T$2:$T$351,$A27)=1,", "&Wizards!$B$18,"")) | Z27: =IF($A27="","",IF(INDEX(Matrix!$U$2:$U$351,$A27)=1,", "&Wizards!$B$19,"")) | AA27: =IF($A27="","",IF(INDEX(Matrix!$V$2:$V$351,$A27)=1,", "&Wizards!$B$20,"")) | AB27: =IF($A27="","",IF(INDEX(Matrix!$W$2:$W$351,$A27)=1,", "&Wizards!$B$21,"")) | AC27: =IF($A27="","",IF(INDEX(Matrix!$X$2:$X$351,$A27)=1,", "&Wizards!$B$22,"")) | AD27: =IF($A27="","",IF(INDEX(Matrix!$Y$2:$Y$351,$A27)=1,", "&Wizards!$B$23,"")) | AE27: =IF($A27="","",IF(INDEX(Matrix!$Z$2:$Z$351,$A27)=1,", "&Wizards!$B$24,"")) | AF27: =IF($A27="","",IF(INDEX(Matrix!$AA$2:$AA$351,$A27)=1,", "&Wizards!$B$25,""))
A28: =IFERROR(SMALL(Calc!$A$2:$A$351,17),"") | B28: =IF($A28="","",INDEX(Spells!$B$2:$B$351,$A28)) | C28: =IF($A28="","",INDEX(Spells!$A$2:$A$351,$A28)) | D28: =IF($A28="","",$C28*50) | E28: =IF($A28="","",INDEX(Matrix!$AZ$2:$AZ$351,$A28)) | F28: =IF($A28="","",MID($I28&$J28&$K28&$L28&$M28&$N28&$O28&$P28&$Q28&$R28&$S28&$T28&$U28&$V28&$W28&$X28&$Y28&$Z28&$AA28&$AB28&$AC28&$AD28&$AE28&$AF28,3,32767)) | H28: =IF($A28="","","; "&$B28&" (L"&$C28&", "&$D28&" GP) from "&$E28) | I28: =IF($A28="","",IF(INDEX(Matrix!$D$2:$D$351,$A28)=1,", "&Wizards!$B$2,"")) | J28: =IF($A28="","",IF(INDEX(Matrix!$E$2:$E$351,$A28)=1,", "&Wizards!$B$3,"")) | K28: =IF($A28="","",IF(INDEX(Matrix!$F$2:$F$351,$A28)=1,", "&Wizards!$B$4,"")) | L28: =IF($A28="","",IF(INDEX(Matrix!$G$2:$G$351,$A28)=1,", "&Wizards!$B$5,"")) | M28: =IF($A28="","",IF(INDEX(Matrix!$H$2:$H$351,$A28)=1,", "&Wizards!$B$6,"")) | N28: =IF($A28="","",IF(INDEX(Matrix!$I$2:$I$351,$A28)=1,", "&Wizards!$B$7,"")) | O28: =IF($A28="","",IF(INDEX(Matrix!$J$2:$J$351,$A28)=1,", "&Wizards!$B$8,"")) | P28: =IF($A28="","",IF(INDEX(Matrix!$K$2:$K$351,$A28)=1,", "&Wizards!$B$9,"")) | Q28: =IF($A28="","",IF(INDEX(Matrix!$L$2:$L$351,$A28)=1,", "&Wizards!$B$10,"")) | R28: =IF($A28="","",IF(INDEX(Matrix!$M$2:$M$351,$A28)=1,", "&Wizards!$B$11,"")) | S28: =IF($A28="","",IF(INDEX(Matrix!$N$2:$N$351,$A28)=1,", "&Wizards!$B$12,"")) | T28: =IF($A28="","",IF(INDEX(Matrix!$O$2:$O$351,$A28)=1,", "&Wizards!$B$13,"")) | U28: =IF($A28="","",IF(INDEX(Matrix!$P$2:$P$351,$A28)=1,", "&Wizards!$B$14,"")) | V28: =IF($A28="","",IF(INDEX(Matrix!$Q$2:$Q$351,$A28)=1,", "&Wizards!$B$15,"")) | W28: =IF($A28="","",IF(INDEX(Matrix!$R$2:$R$351,$A28)=1,", "&Wizards!$B$16,"")) | X28: =IF($A28="","",IF(INDEX(Matrix!$S$2:$S$351,$A28)=1,", "&Wizards!$B$17,"")) | Y28: =IF($A28="","",IF(INDEX(Matrix!$T$2:$T$351,$A28)=1,", "&Wizards!$B$18,"")) | Z28: =IF($A28="","",IF(INDEX(Matrix!$U$2:$U$351,$A28)=1,", "&Wizards!$B$19,"")) | AA28: =IF($A28="","",IF(INDEX(Matrix!$V$2:$V$351,$A28)=1,", "&Wizards!$B$20,"")) | AB28: =IF($A28="","",IF(INDEX(Matrix!$W$2:$W$351,$A28)=1,", "&Wizards!$B$21,"")) | AC28: =IF($A28="","",IF(INDEX(Matrix!$X$2:$X$351,$A28)=1,", "&Wizards!$B$22,"")) | AD28: =IF($A28="","",IF(INDEX(Matrix!$Y$2:$Y$351,$A28)=1,", "&Wizards!$B$23,"")) | AE28: =IF($A28="","",IF(INDEX(Matrix!$Z$2:$Z$351,$A28)=1,", "&Wizards!$B$24,"")) | AF28: =IF($A28="","",IF(INDEX(Matrix!$AA$2:$AA$351,$A28)=1,", "&Wizards!$B$25,""))
A29: =IFERROR(SMALL(Calc!$A$2:$A$351,18),"") | B29: =IF($A29="","",INDEX(Spells!$B$2:$B$351,$A29)) | C29: =IF($A29="","",INDEX(Spells!$A$2:$A$351,$A29)) | D29: =IF($A29="","",$C29*50) | E29: =IF($A29="","",INDEX(Matrix!$AZ$2:$AZ$351,$A29)) | F29: =IF($A29="","",MID($I29&$J29&$K29&$L29&$M29&$N29&$O29&$P29&$Q29&$R29&$S29&$T29&$U29&$V29&$W29&$X29&$Y29&$Z29&$AA29&$AB29&$AC29&$AD29&$AE29&$AF29,3,32767)) | H29: =IF($A29="","","; "&$B29&" (L"&$C29&", "&$D29&" GP) from "&$E29) | I29: =IF($A29="","",IF(INDEX(Matrix!$D$2:$D$351,$A29)=1,", "&Wizards!$B$2,"")) | J29: =IF($A29="","",IF(INDEX(Matrix!$E$2:$E$351,$A29)=1,", "&Wizards!$B$3,"")) | K29: =IF($A29="","",IF(INDEX(Matrix!$F$2:$F$351,$A29)=1,", "&Wizards!$B$4,"")) | L29: =IF($A29="","",IF(INDEX(Matrix!$G$2:$G$351,$A29)=1,", "&Wizards!$B$5,"")) | M29: =IF($A29="","",IF(INDEX(Matrix!$H$2:$H$351,$A29)=1,", "&Wizards!$B$6,"")) | N29: =IF($A29="","",IF(INDEX(Matrix!$I$2:$I$351,$A29)=1,", "&Wizards!$B$7,"")) | O29: =IF($A29="","",IF(INDEX(Matrix!$J$2:$J$351,$A29)=1,", "&Wizards!$B$8,"")) | P29: =IF($A29="","",IF(INDEX(Matrix!$K$2:$K$351,$A29)=1,", "&Wizards!$B$9,"")) | Q29: =IF($A29="","",IF(INDEX(Matrix!$L$2:$L$351,$A29)=1,", "&Wizards!$B$10,"")) | R29: =IF($A29="","",IF(INDEX(Matrix!$M$2:$M$351,$A29)=1,", "&Wizards!$B$11,"")) | S29: =IF($A29="","",IF(INDEX(Matrix!$N$2:$N$351,$A29)=1,", "&Wizards!$B$12,"")) | T29: =IF($A29="","",IF(INDEX(Matrix!$O$2:$O$351,$A29)=1,", "&Wizards!$B$13,"")) | U29: =IF($A29="","",IF(INDEX(Matrix!$P$2:$P$351,$A29)=1,", "&Wizards!$B$14,"")) | V29: =IF($A29="","",IF(INDEX(Matrix!$Q$2:$Q$351,$A29)=1,", "&Wizards!$B$15,"")) | W29: =IF($A29="","",IF(INDEX(Matrix!$R$2:$R$351,$A29)=1,", "&Wizards!$B$16,"")) | X29: =IF($A29="","",IF(INDEX(Matrix!$S$2:$S$351,$A29)=1,", "&Wizards!$B$17,"")) | Y29: =IF($A29="","",IF(INDEX(Matrix!$T$2:$T$351,$A29)=1,", "&Wizards!$B$18,"")) | Z29: =IF($A29="","",IF(INDEX(Matrix!$U$2:$U$351,$A29)=1,", "&Wizards!$B$19,"")) | AA29: =IF($A29="","",IF(INDEX(Matrix!$V$2:$V$351,$A29)=1,", "&Wizards!$B$20,"")) | AB29: =IF($A29="","",IF(INDEX(Matrix!$W$2:$W$351,$A29)=1,", "&Wizards!$B$21,"")) | AC29: =IF($A29="","",IF(INDEX(Matrix!$X$2:$X$351,$A29)=1,", "&Wizards!$B$22,"")) | AD29: =IF($A29="","",IF(INDEX(Matrix!$Y$2:$Y$351,$A29)=1,", "&Wizards!$B$23,"")) | AE29: =IF($A29="","",IF(INDEX(Matrix!$Z$2:$Z$351,$A29)=1,", "&Wizards!$B$24,"")) | AF29: =IF($A29="","",IF(INDEX(Matrix!$AA$2:$AA$351,$A29)=1,", "&Wizards!$B$25,""))
A30: =IFERROR(SMALL(Calc!$A$2:$A$351,19),"") | B30: =IF($A30="","",INDEX(Spells!$B$2:$B$351,$A30)) | C30: =IF($A30="","",INDEX(Spells!$A$2:$A$351,$A30)) | D30: =IF($A30="","",$C30*50) | E30: =IF($A30="","",INDEX(Matrix!$AZ$2:$AZ$351,$A30)) | F30: =IF($A30="","",MID($I30&$J30&$K30&$L30&$M30&$N30&$O30&$P30&$Q30&$R30&$S30&$T30&$U30&$V30&$W30&$X30&$Y30&$Z30&$AA30&$AB30&$AC30&$AD30&$AE30&$AF30,3,32767)) | H30: =IF($A30="","","; "&$B30&" (L"&$C30&", "&$D30&" GP) from "&$E30) | I30: =IF($A30="","",IF(INDEX(Matrix!$D$2:$D$351,$A30)=1,", "&Wizards!$B$2,"")) | J30: =IF($A30="","",IF(INDEX(Matrix!$E$2:$E$351,$A30)=1,", "&Wizards!$B$3,"")) | K30: =IF($A30="","",IF(INDEX(Matrix!$F$2:$F$351,$A30)=1,", "&Wizards!$B$4,"")) | L30: =IF($A30="","",IF(INDEX(Matrix!$G$2:$G$351,$A30)=1,", "&Wizards!$B$5,"")) | M30: =IF($A30="","",IF(INDEX(Matrix!$H$2:$H$351,$A30)=1,", "&Wizards!$B$6,"")) | N30: =IF($A30="","",IF(INDEX(Matrix!$I$2:$I$351,$A30)=1,", "&Wizards!$B$7,"")) | O30: =IF($A30="","",IF(INDEX(Matrix!$J$2:$J$351,$A30)=1,", "&Wizards!$B$8,"")) | P30: =IF($A30="","",IF(INDEX(Matrix!$K$2:$K$351,$A30)=1,", "&Wizards!$B$9,"")) | Q30: =IF($A30="","",IF(INDEX(Matrix!$L$2:$L$351,$A30)=1,", "&Wizards!$B$10,"")) | R30: =IF($A30="","",IF(INDEX(Matrix!$M$2:$M$351,$A30)=1,", "&Wizards!$B$11,"")) | S30: =IF($A30="","",IF(INDEX(Matrix!$N$2:$N$351,$A30)=1,", "&Wizards!$B$12,"")) | T30: =IF($A30="","",IF(INDEX(Matrix!$O$2:$O$351,$A30)=1,", "&Wizards!$B$13,"")) | U30: =IF($A30="","",IF(INDEX(Matrix!$P$2:$P$351,$A30)=1,", "&Wizards!$B$14,"")) | V30: =IF($A30="","",IF(INDEX(Matrix!$Q$2:$Q$351,$A30)=1,", "&Wizards!$B$15,"")) | W30: =IF($A30="","",IF(INDEX(Matrix!$R$2:$R$351,$A30)=1,", "&Wizards!$B$16,"")) | X30: =IF($A30="","",IF(INDEX(Matrix!$S$2:$S$351,$A30)=1,", "&Wizards!$B$17,"")) | Y30: =IF($A30="","",IF(INDEX(Matrix!$T$2:$T$351,$A30)=1,", "&Wizards!$B$18,"")) | Z30: =IF($A30="","",IF(INDEX(Matrix!$U$2:$U$351,$A30)=1,", "&Wizards!$B$19,"")) | AA30: =IF($A30="","",IF(INDEX(Matrix!$V$2:$V$351,$A30)=1,", "&Wizards!$B$20,"")) | AB30: =IF($A30="","",IF(INDEX(Matrix!$W$2:$W$351,$A30)=1,", "&Wizards!$B$21,"")) | AC30: =IF($A30="","",IF(INDEX(Matrix!$X$2:$X$351,$A30)=1,", "&Wizards!$B$22,"")) | AD30: =IF($A30="","",IF(INDEX(Matrix!$Y$2:$Y$351,$A30)=1,", "&Wizards!$B$23,"")) | AE30: =IF($A30="","",IF(INDEX(Matrix!$Z$2:$Z$351,$A30)=1,", "&Wizards!$B$24,"")) | AF30: =IF($A30="","",IF(INDEX(Matrix!$AA$2:$AA$351,$A30)=1,", "&Wizards!$B$25,""))
A31: =IFERROR(SMALL(Calc!$A$2:$A$351,20),"") | B31: =IF($A31="","",INDEX(Spells!$B$2:$B$351,$A31)) | C31: =IF($A31="","",INDEX(Spells!$A$2:$A$351,$A31)) | D31: =IF($A31="","",$C31*50) | E31: =IF($A31="","",INDEX(Matrix!$AZ$2:$AZ$351,$A31)) | F31: =IF($A31="","",MID($I31&$J31&$K31&$L31&$M31&$N31&$O31&$P31&$Q31&$R31&$S31&$T31&$U31&$V31&$W31&$X31&$Y31&$Z31&$AA31&$AB31&$AC31&$AD31&$AE31&$AF31,3,32767)) | H31: =IF($A31="","","; "&$B31&" (L"&$C31&", "&$D31&" GP) from "&$E31) | I31: =IF($A31="","",IF(INDEX(Matrix!$D$2:$D$351,$A31)=1,", "&Wizards!$B$2,"")) | J31: =IF($A31="","",IF(INDEX(Matrix!$E$2:$E$351,$A31)=1,", "&Wizards!$B$3,"")) | K31: =IF($A31="","",IF(INDEX(Matrix!$F$2:$F$351,$A31)=1,", "&Wizards!$B$4,"")) | L31: =IF($A31="","",IF(INDEX(Matrix!$G$2:$G$351,$A31)=1,", "&Wizards!$B$5,"")) | M31: =IF($A31="","",IF(INDEX(Matrix!$H$2:$H$351,$A31)=1,", "&Wizards!$B$6,"")) | N31: =IF($A31="","",IF(INDEX(Matrix!$I$2:$I$351,$A31)=1,", "&Wizards!$B$7,"")) | O31: =IF($A31="","",IF(INDEX(Matrix!$J$2:$J$351,$A31)=1,", "&Wizards!$B$8,"")) | P31: =IF($A31="","",IF(INDEX(Matrix!$K$2:$K$351,$A31)=1,", "&Wizards!$B$9,"")) | Q31: =IF($A31="","",IF(INDEX(Matrix!$L$2:$L$351,$A31)=1,", "&Wizards!$B$10,"")) | R31: =IF($A31="","",IF(INDEX(Matrix!$M$2:$M$351,$A31)=1,", "&Wizards!$B$11,"")) | S31: =IF($A31="","",IF(INDEX(Matrix!$N$2:$N$351,$A31)=1,", "&Wizards!$B$12,"")) | T31: =IF($A31="","",IF(INDEX(Matrix!$O$2:$O$351,$A31)=1,", "&Wizards!$B$13,"")) | U31: =IF($A31="","",IF(INDEX(Matrix!$P$2:$P$351,$A31)=1,", "&Wizards!$B$14,"")) | V31: =IF($A31="","",IF(INDEX(Matrix!$Q$2:$Q$351,$A31)=1,", "&Wizards!$B$15,"")) | W31: =IF($A31="","",IF(INDEX(Matrix!$R$2:$R$351,$A31)=1,", "&Wizards!$B$16,"")) | X31: =IF($A31="","",IF(INDEX(Matrix!$S$2:$S$351,$A31)=1,", "&Wizards!$B$17,"")) | Y31: =IF($A31="","",IF(INDEX(Matrix!$T$2:$T$351,$A31)=1,", "&Wizards!$B$18,"")) | Z31: =IF($A31="","",IF(INDEX(Matrix!$U$2:$U$351,$A31)=1,", "&Wizards!$B$19,"")) | AA31: =IF($A31="","",IF(INDEX(Matrix!$V$2:$V$351,$A31)=1,", "&Wizards!$B$20,"")) | AB31: =IF($A31="","",IF(INDEX(Matrix!$W$2:$W$351,$A31)=1,", "&Wizards!$B$21,"")) | AC31: =IF($A31="","",IF(INDEX(Matrix!$X$2:$X$351,$A31)=1,", "&Wizards!$B$22,"")) | AD31: =IF($A31="","",IF(INDEX(Matrix!$Y$2:$Y$351,$A31)=1,", "&Wizards!$B$23,"")) | AE31: =IF($A31="","",IF(INDEX(Matrix!$Z$2:$Z$351,$A31)=1,", "&Wizards!$B$24,"")) | AF31: =IF($A31="","",IF(INDEX(Matrix!$AA$2:$AA$351,$A31)=1,", "&Wizards!$B$25,""))
A32: =IFERROR(SMALL(Calc!$A$2:$A$351,21),"") | B32: =IF($A32="","",INDEX(Spells!$B$2:$B$351,$A32)) | C32: =IF($A32="","",INDEX(Spells!$A$2:$A$351,$A32)) | D32: =IF($A32="","",$C32*50) | E32: =IF($A32="","",INDEX(Matrix!$AZ$2:$AZ$351,$A32)) | F32: =IF($A32="","",MID($I32&$J32&$K32&$L32&$M32&$N32&$O32&$P32&$Q32&$R32&$S32&$T32&$U32&$V32&$W32&$X32&$Y32&$Z32&$AA32&$AB32&$AC32&$AD32&$AE32&$AF32,3,32767)) | H32: =IF($A32="","","; "&$B32&" (L"&$C32&", "&$D32&" GP) from "&$E32) | I32: =IF($A32="","",IF(INDEX(Matrix!$D$2:$D$351,$A32)=1,", "&Wizards!$B$2,"")) | J32: =IF($A32="","",IF(INDEX(Matrix!$E$2:$E$351,$A32)=1,", "&Wizards!$B$3,"")) | K32: =IF($A32="","",IF(INDEX(Matrix!$F$2:$F$351,$A32)=1,", "&Wizards!$B$4,"")) | L32: =IF($A32="","",IF(INDEX(Matrix!$G$2:$G$351,$A32)=1,", "&Wizards!$B$5,"")) | M32: =IF($A32="","",IF(INDEX(Matrix!$H$2:$H$351,$A32)=1,", "&Wizards!$B$6,"")) | N32: =IF($A32="","",IF(INDEX(Matrix!$I$2:$I$351,$A32)=1,", "&Wizards!$B$7,"")) | O32: =IF($A32="","",IF(INDEX(Matrix!$J$2:$J$351,$A32)=1,", "&Wizards!$B$8,"")) | P32: =IF($A32="","",IF(INDEX(Matrix!$K$2:$K$351,$A32)=1,", "&Wizards!$B$9,"")) | Q32: =IF($A32="","",IF(INDEX(Matrix!$L$2:$L$351,$A32)=1,", "&Wizards!$B$10,"")) | R32: =IF($A32="","",IF(INDEX(Matrix!$M$2:$M$351,$A32)=1,", "&Wizards!$B$11,"")) | S32: =IF($A32="","",IF(INDEX(Matrix!$N$2:$N$351,$A32)=1,", "&Wizards!$B$12,"")) | T32: =IF($A32="","",IF(INDEX(Matrix!$O$2:$O$351,$A32)=1,", "&Wizards!$B$13,"")) | U32: =IF($A32="","",IF(INDEX(Matrix!$P$2:$P$351,$A32)=1,", "&Wizards!$B$14,"")) | V32: =IF($A32="","",IF(INDEX(Matrix!$Q$2:$Q$351,$A32)=1,", "&Wizards!$B$15,"")) | W32: =IF($A32="","",IF(INDEX(Matrix!$R$2:$R$351,$A32)=1,", "&Wizards!$B$16,"")) | X32: =IF($A32="","",IF(INDEX(Matrix!$S$2:$S$351,$A32)=1,", "&Wizards!$B$17,"")) | Y32: =IF($A32="","",IF(INDEX(Matrix!$T$2:$T$351,$A32)=1,", "&Wizards!$B$18,"")) | Z32: =IF($A32="","",IF(INDEX(Matrix!$U$2:$U$351,$A32)=1,", "&Wizards!$B$19,"")) | AA32: =IF($A32="","",IF(INDEX(Matrix!$V$2:$V$351,$A32)=1,", "&Wizards!$B$20,"")) | AB32: =IF($A32="","",IF(INDEX(Matrix!$W$2:$W$351,$A32)=1,", "&Wizards!$B$21,"")) | AC32: =IF($A32="","",IF(INDEX(Matrix!$X$2:$X$351,$A32)=1,", "&Wizards!$B$22,"")) | AD32: =IF($A32="","",IF(INDEX(Matrix!$Y$2:$Y$351,$A32)=1,", "&Wizards!$B$23,"")) | AE32: =IF($A32="","",IF(INDEX(Matrix!$Z$2:$Z$351,$A32)=1,", "&Wizards!$B$24,"")) | AF32: =IF($A32="","",IF(INDEX(Matrix!$AA$2:$AA$351,$A32)=1,", "&Wizards!$B$25,""))
A33: =IFERROR(SMALL(Calc!$A$2:$A$351,22),"") | B33: =IF($A33="","",INDEX(Spells!$B$2:$B$351,$A33)) | C33: =IF($A33="","",INDEX(Spells!$A$2:$A$351,$A33)) | D33: =IF($A33="","",$C33*50) | E33: =IF($A33="","",INDEX(Matrix!$AZ$2:$AZ$351,$A33)) | F33: =IF($A33="","",MID($I33&$J33&$K33&$L33&$M33&$N33&$O33&$P33&$Q33&$R33&$S33&$T33&$U33&$V33&$W33&$X33&$Y33&$Z33&$AA33&$AB33&$AC33&$AD33&$AE33&$AF33,3,32767)) | H33: =IF($A33="","","; "&$B33&" (L"&$C33&", "&$D33&" GP) from "&$E33) | I33: =IF($A33="","",IF(INDEX(Matrix!$D$2:$D$351,$A33)=1,", "&Wizards!$B$2,"")) | J33: =IF($A33="","",IF(INDEX(Matrix!$E$2:$E$351,$A33)=1,", "&Wizards!$B$3,"")) | K33: =IF($A33="","",IF(INDEX(Matrix!$F$2:$F$351,$A33)=1,", "&Wizards!$B$4,"")) | L33: =IF($A33="","",IF(INDEX(Matrix!$G$2:$G$351,$A33)=1,", "&Wizards!$B$5,"")) | M33: =IF($A33="","",IF(INDEX(Matrix!$H$2:$H$351,$A33)=1,", "&Wizards!$B$6,"")) | N33: =IF($A33="","",IF(INDEX(Matrix!$I$2:$I$351,$A33)=1,", "&Wizards!$B$7,"")) | O33: =IF($A33="","",IF(INDEX(Matrix!$J$2:$J$351,$A33)=1,", "&Wizards!$B$8,"")) | P33: =IF($A33="","",IF(INDEX(Matrix!$K$2:$K$351,$A33)=1,", "&Wizards!$B$9,"")) | Q33: =IF($A33="","",IF(INDEX(Matrix!$L$2:$L$351,$A33)=1,", "&Wizards!$B$10,"")) | R33: =IF($A33="","",IF(INDEX(Matrix!$M$2:$M$351,$A33)=1,", "&Wizards!$B$11,"")) | S33: =IF($A33="","",IF(INDEX(Matrix!$N$2:$N$351,$A33)=1,", "&Wizards!$B$12,"")) | T33: =IF($A33="","",IF(INDEX(Matrix!$O$2:$O$351,$A33)=1,", "&Wizards!$B$13,"")) | U33: =IF($A33="","",IF(INDEX(Matrix!$P$2:$P$351,$A33)=1,", "&Wizards!$B$14,"")) | V33: =IF($A33="","",IF(INDEX(Matrix!$Q$2:$Q$351,$A33)=1,", "&Wizards!$B$15,"")) | W33: =IF($A33="","",IF(INDEX(Matrix!$R$2:$R$351,$A33)=1,", "&Wizards!$B$16,"")) | X33: =IF($A33="","",IF(INDEX(Matrix!$S$2:$S$351,$A33)=1,", "&Wizards!$B$17,"")) | Y33: =IF($A33="","",IF(INDEX(Matrix!$T$2:$T$351,$A33)=1,", "&Wizards!$B$18,"")) | Z33: =IF($A33="","",IF(INDEX(Matrix!$U$2:$U$351,$A33)=1,", "&Wizards!$B$19,"")) | AA33: =IF($A33="","",IF(INDEX(Matrix!$V$2:$V$351,$A33)=1,", "&Wizards!$B$20,"")) | AB33: =IF($A33="","",IF(INDEX(Matrix!$W$2:$W$351,$A33)=1,", "&Wizards!$B$21,"")) | AC33: =IF($A33="","",IF(INDEX(Matrix!$X$2:$X$351,$A33)=1,", "&Wizards!$B$22,"")) | AD33: =IF($A33="","",IF(INDEX(Matrix!$Y$2:$Y$351,$A33)=1,", "&Wizards!$B$23,"")) | AE33: =IF($A33="","",IF(INDEX(Matrix!$Z$2:$Z$351,$A33)=1,", "&Wizards!$B$24,"")) | AF33: =IF($A33="","",IF(INDEX(Matrix!$AA$2:$AA$351,$A33)=1,", "&Wizards!$B$25,""))
A34: =IFERROR(SMALL(Calc!$A$2:$A$351,23),"") | B34: =IF($A34="","",INDEX(Spells!$B$2:$B$351,$A34)) | C34: =IF($A34="","",INDEX(Spells!$A$2:$A$351,$A34)) | D34: =IF($A34="","",$C34*50) | E34: =IF($A34="","",INDEX(Matrix!$AZ$2:$AZ$351,$A34)) | F34: =IF($A34="","",MID($I34&$J34&$K34&$L34&$M34&$N34&$O34&$P34&$Q34&$R34&$S34&$T34&$U34&$V34&$W34&$X34&$Y34&$Z34&$AA34&$AB34&$AC34&$AD34&$AE34&$AF34,3,32767)) | H34: =IF($A34="","","; "&$B34&" (L"&$C34&", "&$D34&" GP) from "&$E34) | I34: =IF($A34="","",IF(INDEX(Matrix!$D$2:$D$351,$A34)=1,", "&Wizards!$B$2,"")) | J34: =IF($A34="","",IF(INDEX(Matrix!$E$2:$E$351,$A34)=1,", "&Wizards!$B$3,"")) | K34: =IF($A34="","",IF(INDEX(Matrix!$F$2:$F$351,$A34)=1,", "&Wizards!$B$4,"")) | L34: =IF($A34="","",IF(INDEX(Matrix!$G$2:$G$351,$A34)=1,", "&Wizards!$B$5,"")) | M34: =IF($A34="","",IF(INDEX(Matrix!$H$2:$H$351,$A34)=1,", "&Wizards!$B$6,"")) | N34: =IF($A34="","",IF(INDEX(Matrix!$I$2:$I$351,$A34)=1,", "&Wizards!$B$7,"")) | O34: =IF($A34="","",IF(INDEX(Matrix!$J$2:$J$351,$A34)=1,", "&Wizards!$B$8,"")) | P34: =IF($A34="","",IF(INDEX(Matrix!$K$2:$K$351,$A34)=1,", "&Wizards!$B$9,"")) | Q34: =IF($A34="","",IF(INDEX(Matrix!$L$2:$L$351,$A34)=1,", "&Wizards!$B$10,"")) | R34: =IF($A34="","",IF(INDEX(Matrix!$M$2:$M$351,$A34)=1,", "&Wizards!$B$11,"")) | S34: =IF($A34="","",IF(INDEX(Matrix!$N$2:$N$351,$A34)=1,", "&Wizards!$B$12,"")) | T34: =IF($A34="","",IF(INDEX(Matrix!$O$2:$O$351,$A34)=1,", "&Wizards!$B$13,"")) | U34: =IF($A34="","",IF(INDEX(Matrix!$P$2:$P$351,$A34)=1,", "&Wizards!$B$14,"")) | V34: =IF($A34="","",IF(INDEX(Matrix!$Q$2:$Q$351,$A34)=1,", "&Wizards!$B$15,"")) | W34: =IF($A34="","",IF(INDEX(Matrix!$R$2:$R$351,$A34)=1,", "&Wizards!$B$16,"")) | X34: =IF($A34="","",IF(INDEX(Matrix!$S$2:$S$351,$A34)=1,", "&Wizards!$B$17,"")) | Y34: =IF($A34="","",IF(INDEX(Matrix!$T$2:$T$351,$A34)=1,", "&Wizards!$B$18,"")) | Z34: =IF($A34="","",IF(INDEX(Matrix!$U$2:$U$351,$A34)=1,", "&Wizards!$B$19,"")) | AA34: =IF($A34="","",IF(INDEX(Matrix!$V$2:$V$351,$A34)=1,", "&Wizards!$B$20,"")) | AB34: =IF($A34="","",IF(INDEX(Matrix!$W$2:$W$351,$A34)=1,", "&Wizards!$B$21,"")) | AC34: =IF($A34="","",IF(INDEX(Matrix!$X$2:$X$351,$A34)=1,", "&Wizards!$B$22,"")) | AD34: =IF($A34="","",IF(INDEX(Matrix!$Y$2:$Y$351,$A34)=1,", "&Wizards!$B$23,"")) | AE34: =IF($A34="","",IF(INDEX(Matrix!$Z$2:$Z$351,$A34)=1,", "&Wizards!$B$24,"")) | AF34: =IF($A34="","",IF(INDEX(Matrix!$AA$2:$AA$351,$A34)=1,", "&Wizards!$B$25,""))
A35: =IFERROR(SMALL(Calc!$A$2:$A$351,24),"") | B35: =IF($A35="","",INDEX(Spells!$B$2:$B$351,$A35)) | C35: =IF($A35="","",INDEX(Spells!$A$2:$A$351,$A35)) | D35: =IF($A35="","",$C35*50) | E35: =IF($A35="","",INDEX(Matrix!$AZ$2:$AZ$351,$A35)) | F35: =IF($A35="","",MID($I35&$J35&$K35&$L35&$M35&$N35&$O35&$P35&$Q35&$R35&$S35&$T35&$U35&$V35&$W35&$X35&$Y35&$Z35&$AA35&$AB35&$AC35&$AD35&$AE35&$AF35,3,32767)) | H35: =IF($A35="","","; "&$B35&" (L"&$C35&", "&$D35&" GP) from "&$E35) | I35: =IF($A35="","",IF(INDEX(Matrix!$D$2:$D$351,$A35)=1,", "&Wizards!$B$2,"")) | J35: =IF($A35="","",IF(INDEX(Matrix!$E$2:$E$351,$A35)=1,", "&Wizards!$B$3,"")) | K35: =IF($A35="","",IF(INDEX(Matrix!$F$2:$F$351,$A35)=1,", "&Wizards!$B$4,"")) | L35: =IF($A35="","",IF(INDEX(Matrix!$G$2:$G$351,$A35)=1,", "&Wizards!$B$5,"")) | M35: =IF($A35="","",IF(INDEX(Matrix!$H$2:$H$351,$A35)=1,", "&Wizards!$B$6,"")) | N35: =IF($A35="","",IF(INDEX(Matrix!$I$2:$I$351,$A35)=1,", "&Wizards!$B$7,"")) | O35: =IF($A35="","",IF(INDEX(Matrix!$J$2:$J$351,$A35)=1,", "&Wizards!$B$8,"")) | P35: =IF($A35="","",IF(INDEX(Matrix!$K$2:$K$351,$A35)=1,", "&Wizards!$B$9,"")) | Q35: =IF($A35="","",IF(INDEX(Matrix!$L$2:$L$351,$A35)=1,", "&Wizards!$B$10,"")) | R35: =IF($A35="","",IF(INDEX(Matrix!$M$2:$M$351,$A35)=1,", "&Wizards!$B$11,"")) | S35: =IF($A35="","",IF(INDEX(Matrix!$N$2:$N$351,$A35)=1,", "&Wizards!$B$12,"")) | T35: =IF($A35="","",IF(INDEX(Matrix!$O$2:$O$351,$A35)=1,", "&Wizards!$B$13,"")) | U35: =IF($A35="","",IF(INDEX(Matrix!$P$2:$P$351,$A35)=1,", "&Wizards!$B$14,"")) | V35: =IF($A35="","",IF(INDEX(Matrix!$Q$2:$Q$351,$A35)=1,", "&Wizards!$B$15,"")) | W35: =IF($A35="","",IF(INDEX(Matrix!$R$2:$R$351,$A35)=1,", "&Wizards!$B$16,"")) | X35: =IF($A35="","",IF(INDEX(Matrix!$S$2:$S$351,$A35)=1,", "&Wizards!$B$17,"")) | Y35: =IF($A35="","",IF(INDEX(Matrix!$T$2:$T$351,$A35)=1,", "&Wizards!$B$18,"")) | Z35: =IF($A35="","",IF(INDEX(Matrix!$U$2:$U$351,$A35)=1,", "&Wizards!$B$19,"")) | AA35: =IF($A35="","",IF(INDEX(Matrix!$V$2:$V$351,$A35)=1,", "&Wizards!$B$20,"")) | AB35: =IF($A35="","",IF(INDEX(Matrix!$W$2:$W$351,$A35)=1,", "&Wizards!$B$21,"")) | AC35: =IF($A35="","",IF(INDEX(Matrix!$X$2:$X$351,$A35)=1,", "&Wizards!$B$22,"")) | AD35: =IF($A35="","",IF(INDEX(Matrix!$Y$2:$Y$351,$A35)=1,", "&Wizards!$B$23,"")) | AE35: =IF($A35="","",IF(INDEX(Matrix!$Z$2:$Z$351,$A35)=1,", "&Wizards!$B$24,"")) | AF35: =IF($A35="","",IF(INDEX(Matrix!$AA$2:$AA$351,$A35)=1,", "&Wizards!$B$25,""))
A36: =IFERROR(SMALL(Calc!$A$2:$A$351,25),"") | B36: =IF($A36="","",INDEX(Spells!$B$2:$B$351,$A36)) | C36: =IF($A36="","",INDEX(Spells!$A$2:$A$351,$A36)) | D36: =IF($A36="","",$C36*50) | E36: =IF($A36="","",INDEX(Matrix!$AZ$2:$AZ$351,$A36)) | F36: =IF($A36="","",MID($I36&$J36&$K36&$L36&$M36&$N36&$O36&$P36&$Q36&$R36&$S36&$T36&$U36&$V36&$W36&$X36&$Y36&$Z36&$AA36&$AB36&$AC36&$AD36&$AE36&$AF36,3,32767)) | H36: =IF($A36="","","; "&$B36&" (L"&$C36&", "&$D36&" GP) from "&$E36) | I36: =IF($A36="","",IF(INDEX(Matrix!$D$2:$D$351,$A36)=1,", "&Wizards!$B$2,"")) | J36: =IF($A36="","",IF(INDEX(Matrix!$E$2:$E$351,$A36)=1,", "&Wizards!$B$3,"")) | K36: =IF($A36="","",IF(INDEX(Matrix!$F$2:$F$351,$A36)=1,", "&Wizards!$B$4,"")) | L36: =IF($A36="","",IF(INDEX(Matrix!$G$2:$G$351,$A36)=1,", "&Wizards!$B$5,"")) | M36: =IF($A36="","",IF(INDEX(Matrix!$H$2:$H$351,$A36)=1,", "&Wizards!$B$6,"")) | N36: =IF($A36="","",IF(INDEX(Matrix!$I$2:$I$351,$A36)=1,", "&Wizards!$B$7,"")) | O36: =IF($A36="","",IF(INDEX(Matrix!$J$2:$J$351,$A36)=1,", "&Wizards!$B$8,"")) | P36: =IF($A36="","",IF(INDEX(Matrix!$K$2:$K$351,$A36)=1,", "&Wizards!$B$9,"")) | Q36: =IF($A36="","",IF(INDEX(Matrix!$L$2:$L$351,$A36)=1,", "&Wizards!$B$10,"")) | R36: =IF($A36="","",IF(INDEX(Matrix!$M$2:$M$351,$A36)=1,", "&Wizards!$B$11,"")) | S36: =IF($A36="","",IF(INDEX(Matrix!$N$2:$N$351,$A36)=1,", "&Wizards!$B$12,"")) | T36: =IF($A36="","",IF(INDEX(Matrix!$O$2:$O$351,$A36)=1,", "&Wizards!$B$13,"")) | U36: =IF($A36="","",IF(INDEX(Matrix!$P$2:$P$351,$A36)=1,", "&Wizards!$B$14,"")) | V36: =IF($A36="","",IF(INDEX(Matrix!$Q$2:$Q$351,$A36)=1,", "&Wizards!$B$15,"")) | W36: =IF($A36="","",IF(INDEX(Matrix!$R$2:$R$351,$A36)=1,", "&Wizards!$B$16,"")) | X36: =IF($A36="","",IF(INDEX(Matrix!$S$2:$S$351,$A36)=1,", "&Wizards!$B$17,"")) | Y36: =IF($A36="","",IF(INDEX(Matrix!$T$2:$T$351,$A36)=1,", "&Wizards!$B$18,"")) | Z36: =IF($A36="","",IF(INDEX(Matrix!$U$2:$U$351,$A36)=1,", "&Wizards!$B$19,"")) | AA36: =IF($A36="","",IF(INDEX(Matrix!$V$2:$V$351,$A36)=1,", "&Wizards!$B$20,"")) | AB36: =IF($A36="","",IF(INDEX(Matrix!$W$2:$W$351,$A36)=1,", "&Wizards!$B$21,"")) | AC36: =IF($A36="","",IF(INDEX(Matrix!$X$2:$X$351,$A36)=1,", "&Wizards!$B$22,"")) | AD36: =IF($A36="","",IF(INDEX(Matrix!$Y$2:$Y$351,$A36)=1,", "&Wizards!$B$23,"")) | AE36: =IF($A36="","",IF(INDEX(Matrix!$Z$2:$Z$351,$A36)=1,", "&Wizards!$B$24,"")) | AF36: =IF($A36="","",IF(INDEX(Matrix!$AA$2:$AA$351,$A36)=1,", "&Wizards!$B$25,""))
A37: =IFERROR(SMALL(Calc!$A$2:$A$351,26),"") | B37: =IF($A37="","",INDEX(Spells!$B$2:$B$351,$A37)) | C37: =IF($A37="","",INDEX(Spells!$A$2:$A$351,$A37)) | D37: =IF($A37="","",$C37*50) | E37: =IF($A37="","",INDEX(Matrix!$AZ$2:$AZ$351,$A37)) | F37: =IF($A37="","",MID($I37&$J37&$K37&$L37&$M37&$N37&$O37&$P37&$Q37&$R37&$S37&$T37&$U37&$V37&$W37&$X37&$Y37&$Z37&$AA37&$AB37&$AC37&$AD37&$AE37&$AF37,3,32767)) | H37: =IF($A37="","","; "&$B37&" (L"&$C37&", "&$D37&" GP) from "&$E37) | I37: =IF($A37="","",IF(INDEX(Matrix!$D$2:$D$351,$A37)=1,", "&Wizards!$B$2,"")) | J37: =IF($A37="","",IF(INDEX(Matrix!$E$2:$E$351,$A37)=1,", "&Wizards!$B$3,"")) | K37: =IF($A37="","",IF(INDEX(Matrix!$F$2:$F$351,$A37)=1,", "&Wizards!$B$4,"")) | L37: =IF($A37="","",IF(INDEX(Matrix!$G$2:$G$351,$A37)=1,", "&Wizards!$B$5,"")) | M37: =IF($A37="","",IF(INDEX(Matrix!$H$2:$H$351,$A37)=1,", "&Wizards!$B$6,"")) | N37: =IF($A37="","",IF(INDEX(Matrix!$I$2:$I$351,$A37)=1,", "&Wizards!$B$7,"")) | O37: =IF($A37="","",IF(INDEX(Matrix!$J$2:$J$351,$A37)=1,", "&Wizards!$B$8,"")) | P37: =IF($A37="","",IF(INDEX(Matrix!$K$2:$K$351,$A37)=1,", "&Wizards!$B$9,"")) | Q37: =IF($A37="","",IF(INDEX(Matrix!$L$2:$L$351,$A37)=1,", "&Wizards!$B$10,"")) | R37: =IF($A37="","",IF(INDEX(Matrix!$M$2:$M$351,$A37)=1,", "&Wizards!$B$11,"")) | S37: =IF($A37="","",IF(INDEX(Matrix!$N$2:$N$351,$A37)=1,", "&Wizards!$B$12,"")) | T37: =IF($A37="","",IF(INDEX(Matrix!$O$2:$O$351,$A37)=1,", "&Wizards!$B$13,"")) | U37: =IF($A37="","",IF(INDEX(Matrix!$P$2:$P$351,$A37)=1,", "&Wizards!$B$14,"")) | V37: =IF($A37="","",IF(INDEX(Matrix!$Q$2:$Q$351,$A37)=1,", "&Wizards!$B$15,"")) | W37: =IF($A37="","",IF(INDEX(Matrix!$R$2:$R$351,$A37)=1,", "&Wizards!$B$16,"")) | X37: =IF($A37="","",IF(INDEX(Matrix!$S$2:$S$351,$A37)=1,", "&Wizards!$B$17,"")) | Y37: =IF($A37="","",IF(INDEX(Matrix!$T$2:$T$351,$A37)=1,", "&Wizards!$B$18,"")) | Z37: =IF($A37="","",IF(INDEX(Matrix!$U$2:$U$351,$A37)=1,", "&Wizards!$B$19,"")) | AA37: =IF($A37="","",IF(INDEX(Matrix!$V$2:$V$351,$A37)=1,", "&Wizards!$B$20,"")) | AB37: =IF($A37="","",IF(INDEX(Matrix!$W$2:$W$351,$A37)=1,", "&Wizards!$B$21,"")) | AC37: =IF($A37="","",IF(INDEX(Matrix!$X$2:$X$351,$A37)=1,", "&Wizards!$B$22,"")) | AD37: =IF($A37="","",IF(INDEX(Matrix!$Y$2:$Y$351,$A37)=1,", "&Wizards!$B$23,"")) | AE37: =IF($A37="","",IF(INDEX(Matrix!$Z$2:$Z$351,$A37)=1,", "&Wizards!$B$24,"")) | AF37: =IF($A37="","",IF(INDEX(Matrix!$AA$2:$AA$351,$A37)=1,", "&Wizards!$B$25,""))
A38: =IFERROR(SMALL(Calc!$A$2:$A$351,27),"") | B38: =IF($A38="","",INDEX(Spells!$B$2:$B$351,$A38)) | C38: =IF($A38="","",INDEX(Spells!$A$2:$A$351,$A38)) | D38: =IF($A38="","",$C38*50) | E38: =IF($A38="","",INDEX(Matrix!$AZ$2:$AZ$351,$A38)) | F38: =IF($A38="","",MID($I38&$J38&$K38&$L38&$M38&$N38&$O38&$P38&$Q38&$R38&$S38&$T38&$U38&$V38&$W38&$X38&$Y38&$Z38&$AA38&$AB38&$AC38&$AD38&$AE38&$AF38,3,32767)) | H38: =IF($A38="","","; "&$B38&" (L"&$C38&", "&$D38&" GP) from "&$E38) | I38: =IF($A38="","",IF(INDEX(Matrix!$D$2:$D$351,$A38)=1,", "&Wizards!$B$2,"")) | J38: =IF($A38="","",IF(INDEX(Matrix!$E$2:$E$351,$A38)=1,", "&Wizards!$B$3,"")) | K38: =IF($A38="","",IF(INDEX(Matrix!$F$2:$F$351,$A38)=1,", "&Wizards!$B$4,"")) | L38: =IF($A38="","",IF(INDEX(Matrix!$G$2:$G$351,$A38)=1,", "&Wizards!$B$5,"")) | M38: =IF($A38="","",IF(INDEX(Matrix!$H$2:$H$351,$A38)=1,", "&Wizards!$B$6,"")) | N38: =IF($A38="","",IF(INDEX(Matrix!$I$2:$I$351,$A38)=1,", "&Wizards!$B$7,"")) | O38: =IF($A38="","",IF(INDEX(Matrix!$J$2:$J$351,$A38)=1,", "&Wizards!$B$8,"")) | P38: =IF($A38="","",IF(INDEX(Matrix!$K$2:$K$351,$A38)=1,", "&Wizards!$B$9,"")) | Q38: =IF($A38="","",IF(INDEX(Matrix!$L$2:$L$351,$A38)=1,", "&Wizards!$B$10,"")) | R38: =IF($A38="","",IF(INDEX(Matrix!$M$2:$M$351,$A38)=1,", "&Wizards!$B$11,"")) | S38: =IF($A38="","",IF(INDEX(Matrix!$N$2:$N$351,$A38)=1,", "&Wizards!$B$12,"")) | T38: =IF($A38="","",IF(INDEX(Matrix!$O$2:$O$351,$A38)=1,", "&Wizards!$B$13,"")) | U38: =IF($A38="","",IF(INDEX(Matrix!$P$2:$P$351,$A38)=1,", "&Wizards!$B$14,"")) | V38: =IF($A38="","",IF(INDEX(Matrix!$Q$2:$Q$351,$A38)=1,", "&Wizards!$B$15,"")) | W38: =IF($A38="","",IF(INDEX(Matrix!$R$2:$R$351,$A38)=1,", "&Wizards!$B$16,"")) | X38: =IF($A38="","",IF(INDEX(Matrix!$S$2:$S$351,$A38)=1,", "&Wizards!$B$17,"")) | Y38: =IF($A38="","",IF(INDEX(Matrix!$T$2:$T$351,$A38)=1,", "&Wizards!$B$18,"")) | Z38: =IF($A38="","",IF(INDEX(Matrix!$U$2:$U$351,$A38)=1,", "&Wizards!$B$19,"")) | AA38: =IF($A38="","",IF(INDEX(Matrix!$V$2:$V$351,$A38)=1,", "&Wizards!$B$20,"")) | AB38: =IF($A38="","",IF(INDEX(Matrix!$W$2:$W$351,$A38)=1,", "&Wizards!$B$21,"")) | AC38: =IF($A38="","",IF(INDEX(Matrix!$X$2:$X$351,$A38)=1,", "&Wizards!$B$22,"")) | AD38: =IF($A38="","",IF(INDEX(Matrix!$Y$2:$Y$351,$A38)=1,", "&Wizards!$B$23,"")) | AE38: =IF($A38="","",IF(INDEX(Matrix!$Z$2:$Z$351,$A38)=1,", "&Wizards!$B$24,"")) | AF38: =IF($A38="","",IF(INDEX(Matrix!$AA$2:$AA$351,$A38)=1,", "&Wizards!$B$25,""))
A39: =IFERROR(SMALL(Calc!$A$2:$A$351,28),"") | B39: =IF($A39="","",INDEX(Spells!$B$2:$B$351,$A39)) | C39: =IF($A39="","",INDEX(Spells!$A$2:$A$351,$A39)) | D39: =IF($A39="","",$C39*50) | E39: =IF($A39="","",INDEX(Matrix!$AZ$2:$AZ$351,$A39)) | F39: =IF($A39="","",MID($I39&$J39&$K39&$L39&$M39&$N39&$O39&$P39&$Q39&$R39&$S39&$T39&$U39&$V39&$W39&$X39&$Y39&$Z39&$AA39&$AB39&$AC39&$AD39&$AE39&$AF39,3,32767)) | H39: =IF($A39="","","; "&$B39&" (L"&$C39&", "&$D39&" GP) from "&$E39) | I39: =IF($A39="","",IF(INDEX(Matrix!$D$2:$D$351,$A39)=1,", "&Wizards!$B$2,"")) | J39: =IF($A39="","",IF(INDEX(Matrix!$E$2:$E$351,$A39)=1,", "&Wizards!$B$3,"")) | K39: =IF($A39="","",IF(INDEX(Matrix!$F$2:$F$351,$A39)=1,", "&Wizards!$B$4,"")) | L39: =IF($A39="","",IF(INDEX(Matrix!$G$2:$G$351,$A39)=1,", "&Wizards!$B$5,"")) | M39: =IF($A39="","",IF(INDEX(Matrix!$H$2:$H$351,$A39)=1,", "&Wizards!$B$6,"")) | N39: =IF($A39="","",IF(INDEX(Matrix!$I$2:$I$351,$A39)=1,", "&Wizards!$B$7,"")) | O39: =IF($A39="","",IF(INDEX(Matrix!$J$2:$J$351,$A39)=1,", "&Wizards!$B$8,"")) | P39: =IF($A39="","",IF(INDEX(Matrix!$K$2:$K$351,$A39)=1,", "&Wizards!$B$9,"")) | Q39: =IF($A39="","",IF(INDEX(Matrix!$L$2:$L$351,$A39)=1,", "&Wizards!$B$10,"")) | R39: =IF($A39="","",IF(INDEX(Matrix!$M$2:$M$351,$A39)=1,", "&Wizards!$B$11,"")) | S39: =IF($A39="","",IF(INDEX(Matrix!$N$2:$N$351,$A39)=1,", "&Wizards!$B$12,"")) | T39: =IF($A39="","",IF(INDEX(Matrix!$O$2:$O$351,$A39)=1,", "&Wizards!$B$13,"")) | U39: =IF($A39="","",IF(INDEX(Matrix!$P$2:$P$351,$A39)=1,", "&Wizards!$B$14,"")) | V39: =IF($A39="","",IF(INDEX(Matrix!$Q$2:$Q$351,$A39)=1,", "&Wizards!$B$15,"")) | W39: =IF($A39="","",IF(INDEX(Matrix!$R$2:$R$351,$A39)=1,", "&Wizards!$B$16,"")) | X39: =IF($A39="","",IF(INDEX(Matrix!$S$2:$S$351,$A39)=1,", "&Wizards!$B$17,"")) | Y39: =IF($A39="","",IF(INDEX(Matrix!$T$2:$T$351,$A39)=1,", "&Wizards!$B$18,"")) | Z39: =IF($A39="","",IF(INDEX(Matrix!$U$2:$U$351,$A39)=1,", "&Wizards!$B$19,"")) | AA39: =IF($A39="","",IF(INDEX(Matrix!$V$2:$V$351,$A39)=1,", "&Wizards!$B$20,"")) | AB39: =IF($A39="","",IF(INDEX(Matrix!$W$2:$W$351,$A39)=1,", "&Wizards!$B$21,"")) | AC39: =IF($A39="","",IF(INDEX(Matrix!$X$2:$X$351,$A39)=1,", "&Wizards!$B$22,"")) | AD39: =IF($A39="","",IF(INDEX(Matrix!$Y$2:$Y$351,$A39)=1,", "&Wizards!$B$23,"")) | AE39: =IF($A39="","",IF(INDEX(Matrix!$Z$2:$Z$351,$A39)=1,", "&Wizards!$B$24,"")) | AF39: =IF($A39="","",IF(INDEX(Matrix!$AA$2:$AA$351,$A39)=1,", "&Wizards!$B$25,""))
A40: =IFERROR(SMALL(Calc!$A$2:$A$351,29),"") | B40: =IF($A40="","",INDEX(Spells!$B$2:$B$351,$A40)) | C40: =IF($A40="","",INDEX(Spells!$A$2:$A$351,$A40)) | D40: =IF($A40="","",$C40*50) | E40: =IF($A40="","",INDEX(Matrix!$AZ$2:$AZ$351,$A40)) | F40: =IF($A40="","",MID($I40&$J40&$K40&$L40&$M40&$N40&$O40&$P40&$Q40&$R40&$S40&$T40&$U40&$V40&$W40&$X40&$Y40&$Z40&$AA40&$AB40&$AC40&$AD40&$AE40&$AF40,3,32767)) | H40: =IF($A40="","","; "&$B40&" (L"&$C40&", "&$D40&" GP) from "&$E40) | I40: =IF($A40="","",IF(INDEX(Matrix!$D$2:$D$351,$A40)=1,", "&Wizards!$B$2,"")) | J40: =IF($A40="","",IF(INDEX(Matrix!$E$2:$E$351,$A40)=1,", "&Wizards!$B$3,"")) | K40: =IF($A40="","",IF(INDEX(Matrix!$F$2:$F$351,$A40)=1,", "&Wizards!$B$4,"")) | L40: =IF($A40="","",IF(INDEX(Matrix!$G$2:$G$351,$A40)=1,", "&Wizards!$B$5,"")) | M40: =IF($A40="","",IF(INDEX(Matrix!$H$2:$H$351,$A40)=1,", "&Wizards!$B$6,"")) | N40: =IF($A40="","",IF(INDEX(Matrix!$I$2:$I$351,$A40)=1,", "&Wizards!$B$7,"")) | O40: =IF($A40="","",IF(INDEX(Matrix!$J$2:$J$351,$A40)=1,", "&Wizards!$B$8,"")) | P40: =IF($A40="","",IF(INDEX(Matrix!$K$2:$K$351,$A40)=1,", "&Wizards!$B$9,"")) | Q40: =IF($A40="","",IF(INDEX(Matrix!$L$2:$L$351,$A40)=1,", "&Wizards!$B$10,"")) | R40: =IF($A40="","",IF(INDEX(Matrix!$M$2:$M$351,$A40)=1,", "&Wizards!$B$11,"")) | S40: =IF($A40="","",IF(INDEX(Matrix!$N$2:$N$351,$A40)=1,", "&Wizards!$B$12,"")) | T40: =IF($A40="","",IF(INDEX(Matrix!$O$2:$O$351,$A40)=1,", "&Wizards!$B$13,"")) | U40: =IF($A40="","",IF(INDEX(Matrix!$P$2:$P$351,$A40)=1,", "&Wizards!$B$14,"")) | V40: =IF($A40="","",IF(INDEX(Matrix!$Q$2:$Q$351,$A40)=1,", "&Wizards!$B$15,"")) | W40: =IF($A40="","",IF(INDEX(Matrix!$R$2:$R$351,$A40)=1,", "&Wizards!$B$16,"")) | X40: =IF($A40="","",IF(INDEX(Matrix!$S$2:$S$351,$A40)=1,", "&Wizards!$B$17,"")) | Y40: =IF($A40="","",IF(INDEX(Matrix!$T$2:$T$351,$A40)=1,", "&Wizards!$B$18,"")) | Z40: =IF($A40="","",IF(INDEX(Matrix!$U$2:$U$351,$A40)=1,", "&Wizards!$B$19,"")) | AA40: =IF($A40="","",IF(INDEX(Matrix!$V$2:$V$351,$A40)=1,", "&Wizards!$B$20,"")) | AB40: =IF($A40="","",IF(INDEX(Matrix!$W$2:$W$351,$A40)=1,", "&Wizards!$B$21,"")) | AC40: =IF($A40="","",IF(INDEX(Matrix!$X$2:$X$351,$A40)=1,", "&Wizards!$B$22,"")) | AD40: =IF($A40="","",IF(INDEX(Matrix!$Y$2:$Y$351,$A40)=1,", "&Wizards!$B$23,"")) | AE40: =IF($A40="","",IF(INDEX(Matrix!$Z$2:$Z$351,$A40)=1,", "&Wizards!$B$24,"")) | AF40: =IF($A40="","",IF(INDEX(Matrix!$AA$2:$AA$351,$A40)=1,", "&Wizards!$B$25,""))
